Board,Title_Tokens
hate_politics,助理 費 不夠 法制化
hate_politics,國防 預算 財劃法 公投
hate_politics,師傅 狗
hate_politics,大型 連鎖 超市 小雜 貨店 食安 問題
hate_politics,全部 人 演 騙
hate_politics,喊 倒 閣 是不是 國中 沒念 公民
hate_politics,陳琬惠 宜蘭 藍白合 最大 公約 數
hate_politics,陳亭妃 會 勸 林俊憲 不要 脫黨 參選
hate_politics,蔣經國 人 正派 兒子 廢 柴
hate_politics,藍白 不要 死要面子
hate_politics,放棄 陸籍 問題 到 共諜 依親 問題 by 王至劭
hate_politics,地 x 法
hate_politics,桃園 國中 生課 堂上 抽 電子 煙 煙油 驗出 喪
hate_politics,吳子嘉 吳宗憲 請去 小房 間 修理
hate_politics,助理 費 除罪 化惹議 韓國瑜 修法 不該 侵害
hate_politics,濱崎 澳門場 確定 取消
hate_politics,賴 連任 總統 辦
hate_politics,大 罷免 代表 主流 民意
hate_politics,應佳妤 正妹
hate_politics,以前 海珊 部隊 名字 聽
hate_politics,阿扁會 出現 陳媽祖 宣傳 車
hate_politics,叔叔 賴清德 徵召 選 基隆市 長 童子 瑋 靜待
hate_politics,黃國昌 幫 民意代表 除罪 化是 可恥 修法
hate_politics,國民黨 人 霸 凌到 離世 委員
hate_politics,台灣國 國王 卓榮泰
hate_politics,歡迎 韓國 人 來 中國 台灣 開演 場會
hate_politics,台灣 人才 慣 老 闆
hate_politics,陳水扁 開 節目 藍白 根本 暗爽
hate_politics,蔣氏 父子 以來 殺 人 無 罪
hate_politics,嘉義 梅山 鄉 公所 加碼 普發 鄉親 排隊
hate_politics,柯文 哲 說 要 處理 社子 島 問題
hate_politics,藍白愛 支那 台海 優先 填線 寶寶
hate_politics,謝典霖 謝衣鳳 優秀
hate_politics,自然人 證 愛台灣 關聯
hate_politics,賴 是不是 心知不 可能 連任
hate_politics,doig 開示 國民黨 貪污
hate_politics,賴鐵頭 要 讓 爛 龜 黨 低能 到 時候
hate_politics,阿扁 以前 讓 民進黨 顯得 低能
hate_politics,中國 人 不想 打
hate_politics,林俊憲 競選 帆布 要 變成 做 功德
hate_politics,撈 應該 比撈 助理 費 嚴重
hate_politics,藍白 助理 費進 立委 帳戶 監督 有力
hate_politics,嘴巴 說不 投降 身體 後 面 投降 辦
hate_politics,苗 博雅 說出
hate_politics,台灣 全民 認真 演習 會 掉 票
hate_politics,國民黨 推向 深淵 人 馬 囧 李 登 輝
hate_politics,民進黨 提倒 閣
hate_politics,立陶宛 拒絕 中國 台灣 代表 處 要求
hate_politics,實賴 總統 做出 想 談判 樣子
hate_politics,中國 推出 新國 標電動車 太神
hate_politics,牛煦庭 是不是 唬 爛 要 搏 版面
hate_politics,黃國昌 助理 費 法制化 堅持 公款 公用 沒
hate_politics,倒 閣 沒用 要 討論 倒 閣
hate_politics,藍白 要 醞釀 提倒 閣案
hate_politics,開戰 台灣 減 人 割地 賠款 接受
hate_politics,台派 理想 中國 犯台 日程表
hate_politics,賴皮 抱怨 老柯 裝死
hate_politics,總統 副 總統 選罷 法要 不要 修 罷免
hate_politics,吸 小草 票 應曉薇 女兒 突別 「 kp 」 徽章 吳
hate_politics,大學 副教授 指控 論文 抄 襲 大 翻 車 徐巧芯 預
hate_politics,後 》 反 助理 費 除罪 化 連署 人 6 立委
hate_politics,是不是 中國 人 美國 拖下水
hate_politics,痛恨 台北市 建築法 規
hate_politics,肉 呆 true 飯 沒人
hate_politics,遼寧 指駛入 訓練 區 中方 反問 機
hate_politics,綠營會 想 淡化 戰爭 情況
hate_politics,反 中 民進黨 字 看不懂
hate_politics,苗 博雅 退出 競爭 市長 青鳥 鬆 氣
hate_politics,支那人 抗日 成功
hate_politics,綠委 國民黨 要 清鄭 習會 沒有 交換 條件
hate_politics,老柯 完全 消失
hate_politics,幹 錯 puma 老師 說 人 上 戰場
hate_politics,民眾黨 要求 3 以前 完成 整合
hate_politics,吳怡 農 參選 市長
hate_politics,權 分立 立院 提 不信任案
hate_politics,執政黨 提案 倒 閣 行政院 長
hate_politics,行政院 副署 沈柏洋 國會 應該 倒 閣
hate_politics,子弟兵 何元楷 遭爆 國小霸 凌同 學 羅智強
hate_politics,王毅 德國 外長 談 戰敗國應謹言 慎行
hate_politics,助理 當 乞丐 立委 名單 一覽
hate_politics,青鳥普 信女
hate_politics,0 政 黑綠 促 瑟瑟 發抖
hate_politics,沒錢 助理 助理 不用 錢
hate_politics,去 韓國 玩 加 註 中 國 灣 感受
hate_politics,台灣 詐騙 犯 「 遣送 中國 」 人 全 辦
hate_politics,大 公投 大 成功 勝算
hate_politics,桃園 國中 課堂 使用 電 子 菸 驗 出 喪 屍 煙 彈
hate_politics,快訊 陳玉珍 提案 「 微罪 緩刑 可 參選 」
hate_politics,藍白修 惡法 行政院 要 擔慮 事
hate_politics,應佳妤 深深地 感受 到 來 民主 鐵拳
hate_politics,卓榮泰 下台 倒計 時
hate_politics,涉 貪 議員 陳怡君 哭 認罪 「 貪心
hate_politics,巧芯 準備 開吉 會 政 黑板 友 中 槍
hate_politics,陳玉珍 提 微罪 緩刑 可 參選 幫蘇 清泉 開 後 門
hate_politics,人陽 萎沒種 時 會 怪 鄰居
hate_politics,韓國 台灣 標成 中國 台灣
hate_politics,憲法 法庭 到 選前 無法 運作 、
hate_politics,菲律賓 廢止 台灣 西班牙 豬肉 可 qq
hate_politics,藍白強 推 立委 貪 汙 除罪 化
hate_politics,應曉薇 女兒 不要 想 白營 票
hate_politics,國民黨 殺人無罪
hate_politics,桃園 「 班 停課 」 長達 天 腸 病毒 爆發
hate_politics,黃仁勳 是否 會 出賣 台灣 趙怡翔 擔
hate_politics,藍白 五毛 圍島 、 打 電網 台灣 會 投降
hate_politics,美 輝達 h200 抽成 抽 白宮 官員 台灣 出口 時 徵收
hate_politics,藍白 要 保賴 瑞隆 出線
hate_politics,東南亞 洪水 死 人 賴 完全 不聞 問
hate_politics,行政院 不用 給 立法院 審 預算
hate_politics,行政院 帶頭 違憲 大 選 分
hate_politics,苗澤東 烏克蘭 官員 說 馬照 跑 舞照 跳
hate_politics,puma 老師 說 戰爭 時 人 戰場
hate_politics,輕 人 假 蔣 家人
hate_politics,苗 博雅 是不是 幻想 東線 無戰 事
hate_politics,黃國昌 配套 不良 恐瘦 孩子 們 營養
hate_politics,苗澤東 受過 專業 軍事 訓練
hate_politics,陳玉珍 嗆 助理 助理 費案 會 撤回
hate_politics,建議 卓榮泰 尋求 釋憲 強調 尊重 司法 判決
hate_politics,清大吞 下 翁曉鈴 貪污
hate_politics,派苗 博雅 防部 長
hate_politics,開 後 門 陳玉珍 提案 鬆 綁 排 黑 「 讓 緩刑
hate_politics,應曉薇 女兒 別 「 kp 」 徽章
hate_politics,大 地震台 灣 客護飯店 電視 日本 人 感動 瘋 傳
hate_politics,法案 公布 「 卓揆 執行 」 深 綠學者 惡
hate_politics,就算 憲法 法庭 認定 違憲 行政院 能 耍賴
hate_politics,法律 公布 執行 法盲
hate_politics,違憲 行為 制止 違憲 法案 不滿 去 釋憲
hate_politics,台灣 關 係 法 可 說 美 國 會 幫 忙 打仗
hate_politics,國台 辦 指示 藍白 陸配參 政權 應 保障
hate_politics,禁 廚餘養 豬 配套 不良 黃國昌 恐瘦 孩
hate_politics,藍 白畜 翻 國民黨 霸凌 參選 人 道歉
hate_politics,賴 瑞隆 沒 宣布 退選
hate_politics,民進黨 小兒 霸凌 國民黨 學生 時期 霸凌
hate_politics,指標性 綠粉 臭 卓榮泰 違法 硬幹
hate_politics,徐 嶔 煌 京都 完婚 新郎 年齡 差 逾
hate_politics,共產黨 應該 期待 司法 弄死 黃國昌
hate_politics,貪 汙 無 罪 會 幫 國民黨 選情 拿
hate_politics,軍 公教 哭 窮 勞工 辦
hate_politics,蔣萬安 選 台北市 任
hate_politics,財劃 法 僵局 卓榮泰 總 預算 、 強化
hate_politics,時候 要稱 帝
hate_politics,chat gpt 說 實話 會 制裁
hate_politics,黃智賢 中央 總 預算 匯 到 賴清德 帳戶
hate_politics,黃智賢 世界 fb 惡 魔 立委 邏輯
hate_politics,何元楷 同學 大家 小 時候 調皮
hate_politics,中國 戰區 台灣省 受降 儀式
hate_politics,助理 費 除罪 化 藍委 提 地方 民代 辦理 免
hate_politics,笑 死 柯建銘 接 鍋
hate_politics,日本 tiktoker 大 逃亡
hate_politics,大 小姐 說 要 集體 自律
hate_politics,民進黨 立委 提倒 閣
hate_politics,黃捷 深 蹲
hate_politics,違憲 藍白
hate_politics,老川 要 中國 合作 青鳥 去
hate_politics,鶄 是不是 蠻 智障
hate_politics,嘉義 普發 台中 跟進 盧秀燕 反應 曝
hate_politics,中共 要 佔領 台灣 渡海 登陸 空降
hate_politics,股票 板 變成 舔 中板
hate_politics,館長 拿掉 政治 髒 話 能 直播 超過 時
hate_politics,農農 輸 世祖
hate_politics,立院 法案 執行 會 後 稻草
hate_politics,立委 薪水 變相 增 揭 陳玉珍 提案 引爆 國
hate_politics,大陸 地 統計 女性 經期 中共 如 黑 社會 催
hate_politics,國民黨 要求 封鎖 抖 音 境外 ip
hate_politics,王毅 稱 台灣 地位 「 鎖定 」
hate_politics,踢踢 剩 人 上 線 新 帳號 出現
hate_politics,快訊 陳玉珍 「 提案 公正 會 撤回 」
hate_politics,政院 堅持 執行 財劃 法 國民黨團 卓榮
hate_politics,看 藍粉 護航 何元楷
hate_politics,館長 藍白 死活 旺 董
hate_politics,撐 考察期 館長 吼 「 抖 音 商業
hate_politics,支那人 日本 平交道 撞死
hate_politics,民進黨 大敗 賴清德 會 負責
hate_politics,防禦 武裝 買到 空氣 辦
hate_politics,苗 博雅 fb 詐騙 抓 到 後 主謀
hate_politics,戰爭 要 摸 生活
hate_politics,國民黨 提案 貪 汙 受 刑法 規範
hate_politics,開戰 死傷 人 造成
hate_politics,諸羅山 自有 嚴
hate_politics,總 預算 藍白 會 審
hate_politics,台派 結局
hate_politics,小草 人肉 盾牌 會 做
hate_politics,翁曉玲 廢死 爆驚 大法官 解釋
hate_politics,酒 駕 小草 政府 會 搶 錢
hate_politics,不要 忘記 周子瑜 事件
hate_politics,打仗 時 侯國昌 老師 會 看錯 國旗
hate_politics,願役 中民進黨 支持者 佔
hate_politics,民進黨 執政 後 不能 酸 對岸 事
hate_politics,青鳥 是不是 發現 反中 風向 改變
hate_politics,國民黨 內鬥 何元楷
hate_politics,小草 怒 「 沒有 憲法 法庭 」
hate_politics,民進黨 怕 大陸 交流
hate_politics,行政院 執行 立院 讀 法案 辦
hate_politics,防詐 不妨 修法 讓 陸資 平台 無障礙 落地
hate_politics,小 紅書 配合 政府 司法部 門 打詐 贏
hate_politics,青鳥 投降 解放 軍 會 理
hate_politics,沈伯洋 是不是 愛 演 受虐 兒
hate_politics,鄭麗文 聲量 雪崩 剩一成 藍營 直播 圈熱度 下跌 粉 專 分析 原因
hate_politics,中共 打來 藍 白害
hate_politics,兩岸 開戰 股市 剩有
hate_politics,北京 語霸 權黨 民眾 黨 要 違憲
hate_politics,中國 新國 標電動車 遭網 民大 吐 槽
hate_politics,藍白太 孬了 上 戰場
hate_politics,台派 沒有
hate_politics,藍營 新人 何元楷 遭 爆 「 小霸凌 」 涉 推擠 潑 水 吐口 水
hate_politics,尹啟銘 台股 上
hate_politics,陸女 入境 下體 鼓起 內藏 活蟲
hate_politics,dodomessage 貼 人 霸 凌 標 籤
hate_politics,帶 女兒 出門 突襲 遭疑 自導 自演 沈伯洋
hate_politics,麥玉珍 選台 中 能 拿
hate_politics,偏安 好 綠 堅持 獨立
hate_politics,苗 知道 烏克蘭 少 4 人口
hate_politics,偏安 好 藍白 堅持 統一
hate_politics,要 開始 限制 役男 出境
hate_politics,藍白 願意 保衛 台灣 算叛 國罪
hate_politics,啓 楷 曝 徵召 選 嘉市
hate_politics,民進黨 政府 敢 違法 亂紀 依法行政
hate_politics,館長 想 總統
hate_politics,嘉義 市加碼 普發 計畫 市府 送議
hate_politics,台灣 女性 應讓 習近 平馬 上 風
hate_politics,民眾黨 女人 回來 xdd
hate_politics,川普 輝達 h200 晶片 出口 中國
hate_politics,開戰 「 馬照 跑 舞照 跳 」 苗 博雅 提 烏
hate_politics,欸 公然 說 小孩 應該 要 處決 沒事
hate_politics,人 幫 公務員 貪污 除罪 化
hate_politics,戰爭 閩南 政權 垮台 痛點
hate_politics,看下 脆 根本 沒人 認同 賴清德 中華民國團 結說
hate_politics,民進党 八炯 繼續 合作
hate_politics,丁 瑀 國民黨 裡面 媚
hate_politics,和平 太久 會 沒有 危機 意識
hate_politics,談 黃國昌 人頭 凱思 金主 姻親 表弟 遭鎖
hate_politics,民進黨 應該 讓 苗 高雄 選
hate_politics,姻親 黃國昌 老婆 l 姓 表弟
hate_politics,黃國昌 幫 修法 勾串 證人 滅證 、 免 羈押
hate_politics,日本 f15 中國 j15 鎖爛 中國 軍力 青鳥
hate_politics,烏克蘭 死 人 民進黨 內心 會 不安
hate_politics,台灣 志 願役 問題
hate_politics,t21 請進 柯文 哲 說
hate_politics,berotec 會 事釣到 發文
hate_politics,願意 保衛 台灣 願意 兵 邏輯
hate_politics,賴清德 會 李登輝 gus
hate_politics,連台 孬種 要 保護
hate_politics,網軍 鎖定 黃 暐 瀚 毛骨悚然
hate_politics,女生 兵 保衛 台灣
hate_politics,中共 美軍 交手
hate_politics,日本 強 震 阿館 會 捐 錢
hate_politics,民調 藍白 成 願意 保衛 台灣
hate_politics,民進黨 報告
hate_politics,沒 「 前 」 板主帶 領 政黑 躍上 新聞
hate_politics,黑熊 忘 大 罷免
hate_politics,民眾黨 許甫 請 進
hate_politics,台灣 主權 決議 文跟 共識 廢物 文獻
hate_politics,國民黨 要民調 贏 贏 輸 要 贏 遊戲
hate_politics,路易莎 營 收低 報應
hate_politics,兵 嘉義 市施 壓 藍白 整合 黃國昌 拍板 張
hate_politics,啓 楷 出 戰 嘉 義 市 長 地方 盛傳民 眾 黨 找 「
hate_politics,香港 父母 帶 小孩 去 深圳 玩 目的
hate_politics,苗 博雅 戰爭論 想 表達
hate_politics,能 認定 假 議題
hate_politics,南韓 驚爆 監視器 畫面 遭 駭 非法 「 裸
hate_politics,貪污 助理 費 除罪 問題
hate_politics,「 政治 、 人 父母 」 賴瑞
hate_politics,說 預算 案會 收場
hate_politics,國民黨 會 擋 軍 購
hate_politics,【 禁聞 】 詭異 中國 地 無 人機 噴灑
hate_politics,google 民進黨 賴清德 面子 耶
hate_politics,高雄市 市長候 選民 進 黨四傑 優點
hate_politics,中國 女遊 「 假冒 台灣 人 」 京都 壽喜 燒 名店 話 拆穿
hate_politics,動力 讓 橘子 逃亡 海外
hate_politics,海角 阿扁 重磅 回歸 鏡週刊
hate_politics,駁心 結說 鄭麗文 喊 盧秀燕 「 太陽 」
hate_politics,死透
hate_politics,馬克宏 中國 放話 縮減 貿易 逆差 課
hate_politics,反 智苗 要 洗戰爭 風向
hate_politics,看到 全世界
hate_politics,青鳥 失守 街亭
hate_politics,戰爭 根本 會 死 人
hate_politics,賴清德 宣布 怕 斬首
hate_politics,靠背 美國 拿 中國 貸款
hate_politics,能 說 原諒 女童
hate_politics,黃國昌 賴清德 打 嘴 砲 夠
hate_politics,霸凌 真服了 洗地 塔 綠 信徒
hate_politics,人均 gdp 購買 力 排名 預測
hate_politics,黃國昌 邏輯
hate_politics,脆 爆料 國民黨 新北 議員 參選 人霸 凌同 學
hate_politics,陳菊會 會
hate_politics,投 民進黨 結果 要 擔心 阿 打
hate_politics,黃國昌 震怒 賴清德 要 嘴 砲
hate_politics,憲法 要 民進 黨統
hate_politics,慟 朱學恆 聊 政治 時事 改聊 歷史
hate_politics,苗澤東 知道 烏克蘭 面積
hate_politics,柯文 哲 言詞 辯論 陳佩琪 控 北檢 「 騙票 收索 」
hate_politics,青鳥 有為 抗 中 做 犧牲
hate_politics,後 才能 倒 閣 換掉 厚 臉 皮 卓榮泰
hate_politics,青鳥 要 反 國民黨 提 貪污 除罪 化
hate_politics,日本 歌手 承認 中國 人 上台
hate_politics,霸凌 仔 事情 告一段落 總 結
hate_politics,徐國勇 基隆市 長 提名 人 選 棒 盼
hate_politics,賴 瑞隆 哭 看 後 道歉 怒轟 「 民主 哭神 」 大戲 上演
hate_politics,國民 黨 捲 錢 逃 難 丟 國 民 屬
hate_politics,cheap 評漢 來 行館 外觀 醜 查證 蓋
hate_politics,認真 問 發現 打 假球
hate_politics,許甫 監督 矢板 明夫 吃 食物 xddd
hate_politics,賴清德 指 台灣本 獨立 「 國號 需 」
hate_politics,中國 想要 武統 台灣 阿
hate_politics,兩岸 開戰 白粉 負責 詐騙 軍
hate_politics,月份 政治 大戲 剩高 虹安 審
hate_politics,全球 慘付 代價 中國 出口 海嘯 肆虐 貿易 順
hate_politics,韓 入境 卡 寫 中國 台灣 遲 未改 綠 委籲 政府
hate_politics,薯條 加大 、 助理 費放 口袋 、 貪污 免罪
hate_politics,藍白 暴民 倒 讚 到 志 祺 想 去 日本 可悲
hate_politics,從 高雄市 長候 選人 看出 國民黨 民主
hate_politics,中 跳 江啟臣 無視 台中人 照 投
hate_politics,政 黑板 看 侯友 宜 唸 簡 訊 行
hate_politics,「 吃 海鮮 日本 」 人 宴 許甫
hate_politics,國民黨 提案 黨政軍 介入 媒體 除罪 化
hate_politics,刪 黨章 換 鄭 習會 基層 憂 紅統 標 籤 上身
hate_politics,黃 暐 瀚 threads
hate_politics,青鳥 不在乎 霸凌 女童 心理 創傷
hate_politics,總統 大選 台北 投綠
hate_politics,青鳥 中國 人 友善
hate_politics,柯文 哲 政來 重要 代表作
hate_politics,台中 跳 回事
hate_politics,藍白 助理 費匯 到 立委 帳戶 進
hate_politics,變態 青鳥 偷拍 黃國昌 老婆 拍 未成年
hate_politics,台派 堅持
hate_politics,贊成 封鎖小紅 書 yahoo 民 調揭 網友
hate_politics,青鳥 看 憲法 寫
hate_politics,藍白 助理 費 犯罪 要 改掉
hate_politics,政治 與 私利 凌駕 人性
hate_politics,蔣經國 兒子 活 不到
hate_politics,日本 加重 who 角色 世衛 秘書長 承諾 加強 台
hate_politics,藍 白粉 藍 提案 詐 助理 費無罪 要 歸 功民 進黨
hate_politics,馬 防部 證明 官兵 涉入 詐騙 集團 強調 毋枉毋
hate_politics,藍白強 推 貪 汙 內 無罪
hate_politics,政治 失意者 天堂
hate_politics,板 上 藍白 支持 索賄 不算 貪 汙
hate_politics,「 電鍋案 」 掀輕 罪重 罰 討論 法務部 推修 法
hate_politics,獨家 》 國會 助理 工會 赴 議場 抗議 盼
hate_politics,小紅書 鎖 於 沒鎖 網友 簡單 2 招 繼續
hate_politics,賴 瑞隆 子 欺負
hate_politics,可靠消息 應該 中 龜 頭 要 見習 近 平
hate_politics,知不知道 爸爸
hate_politics,笑 死 助理 費案 國民黨 縮
hate_politics,藍 白腦 開始 洗 台北 藍 、 中間 選民
hate_politics,民主 漏洞 是不是 像 陳玉珍
hate_politics,子 教 父
hate_politics,國民黨 推 貪 汙 除罪 化 板上 藍腦 支持
hate_politics,護航賴 瑞隆 cheap 毛骨悚然 「 霸
hate_politics,賴 總統 台灣 樂意 幫助 中國 解決 經濟 問題
hate_politics,藍白霸 凌 小草 會 雙標
hate_politics,陳玉珍 提 地方 助理 補助 費 不受 貪污 、 刑法 規範
hate_politics,陳其邁 臉 書 追 蹤
hate_politics,
hate_politics,貪污 助理 費 最多 民進黨
hate_politics,0 支持 貪污 可能 修法 成 排除 貪污
hate_politics,秀 選舉 借貸 存 摺 明細 陳佩琪 控檢 方
hate_politics,請 問 貝森特 採訪 是否 表示 北約 解體
hate_politics,高市 早苗 內閣 支持 度 重挫 6 2
hate_politics,民進黨 高雄市 市長人 選
hate_politics,新竹 公務員 負擔 飆升 成全 國 最重 人口 暴
hate_politics,沈伯洋 女兒 是不是 碰到 賴 瑞隆 兒子
hate_politics,陳珮琪 借錢 選舉 逛 豪宅
hate_politics,saltlake 進來
hate_politics,小紅書 禁 小草 衝 立法院
hate_politics,黃國昌 溫柔 評 助理 費 聽 聽 意見
hate_politics,沈伯洋 揭露 台灣 社會 治安 敗壞
hate_politics,媒體 可靠消息 鄭麗文 要 去 見習 近 平
hate_politics,歐 美 人 幹 去 中國 退休
hate_politics,陳玉珍 推 助理 費修法 惹議 黃國昌 籲 「
hate_politics,陳玉珍 好像 蒂 法
hate_politics,大港 開唱 國民黨 唱 下 好
hate_politics,台灣 民主 慘 遭 賴清德 沒收 記者 會
hate_politics,高雄青 鳥 成為 霸凌
hate_politics,國家 追 髒 錢 反觀
hate_politics,蔣萬安 機會 拿
hate_politics,鄭麗文 遞出 橄欖枝 鍾 東 錦 鬆 接受 國民黨
hate_politics,賴清德 想 連任 柯文 哲 下跪 道歉
hate_politics,脆 上面 追殺 「 假台 派 」
hate_politics,警方 puma
hate_politics,代母 出征 應曉薇 女兒 應佳妤 表態 接棒
hate_politics,吳 淑珍 夫人 囂張
hate_politics,柯文 哲 痛恨 陳菊 先知
hate_politics,賴 瑞隆 網路 充斥 假消息 相信 會 撕裂 台灣
hate_politics,陳其邁 頭
hate_politics,應佳妤 跳出 來 對決 鍾 小 平 柯智堯
hate_politics,綠營 內部 鬥 起來 是不是 恐怖
hate_politics,tvbs 台北市 長民 調 綠營 洗洗 睡
hate_politics,賴 總統 留 「 中華民國 」 助團 結 鄭麗文
hate_politics,青鳥 帶 風向 說 大家 欺負 賴兒
hate_politics,高雄 演唱 會 文化 能 延續
hate_politics,脆 上面 夢境 文
hate_politics,游淑 慧 鍾 小平 人 開除 黨籍
hate_politics,最近 高嘉瑜 存在 感 高 是不是 要 參選 台北
hate_politics,快訊 沈伯洋 陪 女兒 遭 嗆 「 通緝 活該
hate_politics,賴 瑞隆 會 出來 選
hate_politics,藍白 要 公 佈 賴 清 德 全家
hate_politics,笑死人 詐團 直接 攻入 馬 防部
hate_politics,兒 涉霸 是否 參選 賴 瑞隆 持續 政
hate_politics,叉 貓 高雄 小賴 好友 藍白 發抖
hate_politics,獨金 孫賴清德 宣布 中華民國 才能 團結 台灣
hate_politics,蔣萬安 改名 沒改 徹底
hate_politics,賴 瑞隆 穩 高雄市 長 應 問題
hate_politics,民進黨 政府 國民黨 要 刪 黨章
hate_politics,錢 敢 放 口袋 會 怕 選民 政治 責任
hate_politics,傳國 民黨 要 刪 「 」 黨章 柯志恩 抿嘴 茲 事體 大 部分 可
hate_politics,政黑 關心 版主 去向
hate_politics,板橋 氣爆 、 藍白 直接 那高雄 氣 爆
hate_politics,館長 身高 cm 開戰戰力 強
hate_politics,關 係 影 響 壽司郎 上海 開 店
hate_politics,媽媽 貪污 小孩 選議員
hate_politics,賴證實了 高雄 孩子
hate_politics,賴 瑞隆 子女 涉霸 柯志恩 喊 「 翻篇了 」
hate_politics,快訊 中 北屯 傳 巨響 男 「 離家 上
hate_politics,小孩 是不是 衰小
hate_politics,陳佩琪 peggyfb 講騙票 搜索
hate_politics,台中 女 樓 墜 中庭 送醫 搶救 不治
hate_politics,脆 風向 大 轉彎 女童 霸凌 者
hate_politics,蔡 英文 光電 政策 需 邁向 進化 不能
hate_politics,藍白 要 修法 助理 費匯 到 立委 名下
hate_politics,沈伯洋 女兒 遭遇 突襲 po 出 照片 證實
hate_politics,小孩 要 人 死 原生 家庭
hate_politics,起訴 書 不夠 陳佩琪 爆檢 方狂 丟
hate_politics,蔡 英文 復 出 搭 陳 邁 選 可能
hate_politics,b 前 版主 實錘 藍 白粉
hate_politics,國民黨 會告 自由 時報
hate_politics,賴瑞榮 黃士 修長 好像
hate_politics,黃智賢 護航 助理 費 除罪 適合 下 地獄
hate_politics,影 》 追不上 物價 薪資 倒退
hate_politics,賴瑞榮 兒子 校園 事件 整理
hate_politics,「 台灣 變牆 國 」 禁 小 紅書 自肥 選舉 館長 揚言
hate_politics,龍介仙 對賴 瑞隆 發表 評論
hate_politics,扁挺妃 輪 、 用排 到 妳
hate_politics,小紅書 遭封 高嘉瑜 曝 民 眾 「 痛恨 事 」
hate_politics,gdp 達 薪資 成長 趴
hate_politics,越南 屠夫 閩 南台 派 精神 狀態
hate_politics,林俊憲 活成 妙妙姐 樣子
hate_politics,藍白 部分 綠 vs 賴清德 贏
hate_politics,助理 薪資
hate_politics,脆 小孩 文
hate_politics,民進黨會 修霸 凌法
hate_politics,脆 熱議 全班 逼賴 兒 脫 褲子 失控 動手
hate_politics,柯文 哲 嗆 陳佩琪 叫 妳 要 做 飯
hate_politics,八卦 熱議 下 高雄市 長 柯志恩
hate_politics,青鳥 拿 蔣孝文 殺 人 來 救援
hate_politics,板橋 氣爆 壓 小孩 新聞
hate_politics,青鳥 希望 台灣 變成 樣子
hate_politics,藍白 叫 林姿妙 、 高虹 敢 退選
hate_politics,藍白 中國 產品 稅率 金門 人 決定
hate_politics,館長 否認 切割 「 唸 」 曝 黃
hate_politics,直擊 aaa 音樂節 票房 淒涼 樓 全空 畫面
hate_politics,深綠 學妹 討論 賴 瑞隆 沒救
hate_politics,脆 熱議 小孩 全班 霸凌
hate_politics,美國 國家 安全 戰略
hate_politics,流行 選 女性 市長
hate_politics,賴 瑞隆 開 破爛 記者 會 要 幹
hate_politics,應曉薇 女兒 控禁 小 紅書 「 如 極權 國家 」 大
hate_politics,邱議瑩 原本 趴 結果 要 出線
hate_politics,中華民國 二戰戰勝 國 欸
hate_politics,隆兒 算是 捨 身 救 父
hate_politics,林岱 樺 賴 瑞隆 選 正副 市長 搞 頭
hate_politics,是不是 輪到 黃國昌 跳舞 給 大家 看
hate_politics,認真 問 賴 瑞隆 辦法 安全 下莊
hate_politics,射控 雷達 鎖定 反擊
hate_politics,暴力 挺身而出
hate_politics,賴 夫人 爆彈 拆
hate_politics,民進黨 南部 土 霸王 瘋狂 霸凌 性騷 和解
hate_politics,中共 煽動 受挫 壽司郎 上海 開店 盛況 空
hate_politics,賴 瑞隆 兒 落淚 道歉 徐巧芯 猛酸 「
hate_politics,自由 鄭 習會 獨家
hate_politics,黑熊 帶 女兒 散步 騷擾
hate_politics,板橋 氣 爆 負責
hate_politics,青鳥 是不是 反到 走火入魔
hate_politics,陳玉珍 提 助理 費修法 國民黨 內釀 「 茶壺 風
hate_politics,小金 穩
hate_politics,賴 瑞隆 是不是 出局
hate_politics,賴 b 板主 道歉
hate_politics,政黑 最好 板主 教 好 會
hate_politics,顏寬恒 疑 請 託 修 法 助理 費 除罪 化
hate_politics,中國 駐 大使 說 衛隊 滋擾 訓練
hate_politics,青鳥 不離 中國
hate_politics,說 道歉
hate_politics,賴兒霸 凌 事件 受傷 最重 政 黑 傻 b 版主
hate_politics,該 支持 關掉 ptt 亂源
hate_politics,深 綠 朋友 禁 小 紅書 支持 和平 統一
hate_politics,賴 總統 普發 讓 中國 老百姓 破防
hate_politics,隆哥 要 做 才能 解套
hate_politics,張善政 稱作 新店市 長
hate_politics,中法 保鏢 馬克宏 後 面 開戰 xd
hate_politics,蔣經國 放任 蔣孝文 台灣 殺 人 比霸凌 嚴重
hate_politics,賴 證明 女孩 媽媽 啊
hate_politics,民進黨 帶 大家 回到 豪 豪
hate_politics,未成年 校園 霸凌 婦女票 跟教 師票 守 得 住
hate_politics,前板 主 算是 倒
hate_politics,兒 涉霸 凌賴 瑞隆 當面 道歉 女童 媽 想
hate_politics,黃國昌 會 看 賴兒霸 凌 案 和解
hate_politics,反滲 透到 條款 看 立院 消失 委員會
hate_politics,說 前政 黑 版主 失望
hate_politics,方是 有力 人士 原諒
hate_politics,霸凌 者 母親 勇敢
hate_politics,鐘東錦 、 顏寬恆 要 不要 辭去 現任 職務
hate_politics,青鳥 到
hate_politics,藍白全 聖 人
hate_politics,道歉 賴 瑞隆 戲
hate_politics,脆 上民進黨 反串 網軍
hate_politics,社宅 變 「 水濂洞 」 建物 驚見 大量 冰柱
hate_politics,車諾 防護 罩 喪失 安全 功能
hate_politics,挖 larry long 要 市長
hate_politics,最大 輸家 是不是 b
hate_politics,藍 白粉 諷 台灣 民主 笑 話 中國 人神 回 「 1
hate_politics,鏡報 獨家 居住 正義 變 「 居住 」 黃國
hate_politics,館長 會 柯文 哲 黃國昌 鄭麗文 商量
hate_politics,職場 霸凌 vs 國家 安全 重要
hate_politics,小青鳥 沒 工作 後 辦
hate_politics,羅福助 顏清標 兒子
hate_politics,“ 美國 調整 中國 經濟 關 係 ”
hate_politics,忘記 以前 威權 東禁西禁 後 果
hate_politics,賴 瑞隆 兒 霸 凌案 二度 召開 記者 會 女童 母
hate_politics,談 政治 小紅書 礙眼
hate_politics,賴 瑞隆 老婆 幹麻
hate_politics,賴 瑞隆 陳菊 人 馬
hate_politics,藍白總 聖人 標準 要求
hate_politics,綠粉 是不是 覺得 高雄人 民進黨 打
hate_politics,日本 外務省 召見 中國 大使 抗議
hate_politics,藍白 支持 助理 費 直接 匯 立委 xdd
hate_politics,翁達瑞 王浩宇 賴 於 宣告 死刑
hate_politics,支持 戒 嚴 大 罷免 霸凌 民進黨 惦 惦
hate_politics,看到 道歉 記者 會 流淚
hate_politics,賴 瑞隆 女童 家屬 道歉 含水量 高
hate_politics,反 綠會 說
hate_politics,處理 方式 傷害 小孩 打人 大
hate_politics,老爸 黑道 參選 不行
hate_politics,沒事 穩
hate_politics,賴 市長 能力
hate_politics,青鳥 們 應該 力 賴 兒
hate_politics,藍白 站 錯隊 傻眼
hate_politics,叉 貓 能 讓 賴 哭 大力
hate_politics,阿苗 談 戰爭 意思
hate_politics,反 綠 自由 反綠 挺共其實
hate_politics,說 賴 瑞隆 道歉 感動 到
hate_politics,藍白 兒 炒 大 厲害
hate_politics,風向 藍白 攻擊
hate_politics,青鳥 信奉 法西斯 弱肉 強食 打人
hate_politics,陳其邁 會 取代 賴清德 選 總統
hate_politics,賴 瑞隆 哭 得 小兒
hate_politics,雞 雞 阿苗 能 兵
hate_politics,要求 爸媽 小孩 做 錯事 道歉 叫 政治 操作
hate_politics,習近平 是不是 人 不錯
hate_politics,快訊 賴 瑞隆 與 受害 女童 家長 當面 道歉 取
hate_politics,瑞隆 兒子 故事 拍台 版熱血 高校
hate_politics,“ 連 小孩 管 boo 小 政治 ”
hate_politics,是不是 發起 全党 挺 瑞龍
hate_politics,整起 霸凌 案 是不是 怪怪的
hate_politics,藍白 賴兒霸 凌 政治 案
hate_politics,感受 到 賴 道歉 誠意 民進黨 分
hate_politics,高雄 瑞隆 路 改 路 好
hate_politics,賴 兒子 觸犯 罪
hate_politics,獨家 》 「 鄭 習會 」 農 曆 後 登場 北京
hate_politics,小孩 打人 應該 熱 熔膠 打
hate_politics,賴 瑞隆 記者 會 小孩 擋 箭 牌 說
hate_politics,賴兒 沒 出息 關賴清德 事
hate_politics,邱議瑩 想
hate_politics,藍白 開放 中國 勞工 來 金門 金門 人 決定
hate_politics,說實話 大陸 台灣 地區 自由
hate_politics,實賴 瑞隆 退選 小孩 最好 選擇
hate_politics,脆 感嘆 民眾 民進黨 嚴格 開始
hate_politics,聯合報 藍營 要 修 總統 連署 賄選 、 黨產
hate_politics,請 大家 支持 館長
hate_politics,綠營 討厭 麥克 傑克森
hate_politics,賴選 上市 長 後 女童 應該 要 搬家
hate_politics,事 實 証 民 進 黨 台灣 毒瘤
hate_politics,藍白 愛 修法
hate_politics,女 同學 家長 根本就是 藍白 支持者
hate_politics,賴 瑞隆 家人 霸 凌 王浩宇 喊 「 指控 」
hate_politics,藍白 乾脆 修法 藍白 貪污 、 犯法 無罪
hate_politics,好 懷念 沒有 民進黨 日子
hate_politics,aaa 辦 桃園 會 發生 事
hate_politics,遭控 帶頭 肉 搜 黃國昌 親人 「 吳崢幫 開脫 」
hate_politics,媒體 繼續 爆 黃國昌 買 網軍 凱斯 案
hate_politics,大家 知道 要 幹
hate_politics,小賴 選得 鎮 小港 立委
hate_politics,高雄 狼 人 殺 真狼王
hate_politics,小孩 行徑 重要
hate_politics,賴 沒要 選 小 惡 霸會 繼續 霸凌
hate_politics,整個 互聯網 上 語言 占比 權重
hate_politics,藍提 助理 費修法 願 傳 「 李乾龍 請 託 」 掀 茶壺 風暴
hate_politics,賴 瑞隆 帶 兒子 去 評估 鑑定
hate_politics,賴 心不死 看來 選
hate_politics,道歉 讓 學校 解決
hate_politics,柯志恩 人 後 會
hate_politics,黃智賢 怒 嗆 護航 助理 費 除罪 下 地獄
hate_politics,霸凌 合理化 婉轉 說法
hate_politics,政治 人物 人 扛 家庭
hate_politics,民進黨 要選 贏 桃園 首提 政見 取消 垃圾袋
hate_politics,《 想 說 話 》
hate_politics,黃捷 a 英雄 甜心
hate_politics,賴 瑞隆 愧疚 沒讓 受害者 屬 閉 嘴
hate_politics,賴清德 稱 改 「 中華民國 」 國號 有助 團結
hate_politics,小孩 轉學 是不是 起責 任
hate_politics,gdp 飆破 卻 「 科技 業 爽 」 台灣 傳
hate_politics,喊 不起 兒子 賴 瑞隆 道歉 「 哭 」 網
hate_politics,青鳥 遊行
hate_politics,賴 兒 覇 淩 根本 高雄 整個 問題
hate_politics,感謝 高市 早苗
hate_politics,高 市 希望 中國 鎖定 衛隊 戰機
hate_politics,藍白 是不是 賴 瑞隆
hate_politics,賴 瑞隆 小孩 發展
hate_politics,綠畜 癩皮 狗會 想到 違建 哭 得 很大
hate_politics,養不教 父 爸爸 選舉 沒 有空
hate_politics,藍白 中國 投資 金門 金門 人 決定
hate_politics,韓國 入境 卡 標 註 「 中國 台灣 」 外交部
hate_politics,霸 凌算 踩到 公眾 最軟
hate_politics,柯志恩 幫賴 瑞隆 兒子 輔導 耶
hate_politics,賴 瑞隆 堅持 女童 道歉 搞 硬 幹
hate_politics,邱議瑩 想
hate_politics,賴 瑞隆 記者 會 超級 加分
hate_politics,初 選 屁 直接 百大 鎖匠 上場
hate_politics,懂 綠營 支持者 扯 藍白 幹
hate_politics,高雄人 會 含淚 投 討論
hate_politics,現實 高雄人 不在意 賴 瑞隆 兒子
hate_politics,賴家 父子 道歉 事情 圓滿 結束 到
hate_politics,賴 瑞隆 朝亞 斯伯格 處理 乾脆 領手
hate_politics,看完 記者 會 感動
hate_politics,快 新聞 王鴻薇 網 翻出 力
hate_politics,民進黨 產生 人才 荒
hate_politics,瑞隆 妻 道歉 沒事
hate_politics,電子 入境 卡 標 註 「 china taiwan 」
hate_politics,獨 賴 瑞隆 兒 涉霸 受害 女 同學 家長 曝賴
hate_politics,民進黨 應禮 讓 高雄市 長 民眾黨
hate_politics,高雄市 長 一役 民進黨 沒有 選擇
hate_politics,賴 瑞隆 道歉 對象 應該 受害 小朋友
hate_politics,賴挺賴 話 綠畜 縣 市長 穩
hate_politics,事件 算不算 坑 爹
hate_politics,以前 會 危機 處理 民進黨 去
hate_politics,新竹 小 智 高雄 小 智
hate_politics,記者 會 林智堅 槓 台大 既視 感
hate_politics,政黑 賴 瑞隆 能 延續 陳其邁 施政
hate_politics,賴 瑞隆 本錢 粗
hate_politics,家人 出門 只能 看政 黑會 支持 揍 小孩
hate_politics,日本 政治 人物 〝 野 野村 竜 太郎 〞
hate_politics,民進黨 高雄 板凳 深度 超級 恐怖
hate_politics,機會 看到 全黨 人
hate_politics,賴 瑞隆 出面 說明 2 0
hate_politics,高雄 老 窮 換 國民黨 做
hate_politics,民調 變 可能 出線 邱議瑩 想
hate_politics,美國 阿館 塌
hate_politics,賴 瑞隆 哭 小 女 同學 爸媽 哭
hate_politics,黃國昌 民眾黨 助理 費 態度
hate_politics,表現 要
hate_politics,退選 會 讓 兒子 繼續 放大 檢視
hate_politics,賴 瑞隆 哭 覺得 牽 連到 兒子 xd
hate_politics,賴 瑞隆 離 譜
hate_politics,賴 瑞隆 記者 會 加分 扣分
hate_politics,記者 會 是不是 直接 宣布 淘汰
hate_politics,大 敵 民進黨 內鬥
hate_politics,賴 瑞隆 哭成 政黑 說 燒 起來 ☺ ☺ ☺
hate_politics,高雄人 吃賴
hate_politics,賴 瑞隆 打算 硬 幹 政治 生涯 搞掉
hate_politics,高雄民 進 黨 人 暴力 色情狂
hate_politics,黃智賢 世界 fb 立委 成為 妖魔
hate_politics,下午茶
hate_politics,賴 瑞隆 半會 berotec 提告
hate_politics,出 大事 陳水 扁力挺 陳亭妃 選 台南市 長
hate_politics,賴 瑞隆 子 藍白 星
hate_politics,賴 瑞隆 想想 立委 能 不能 保住
hate_politics,中國 說 日本 妨害 東海 軍演
hate_politics,賴 瑞隆 會 會 想 兒子 嚴重
hate_politics,應曉薇 女兒 參選 能 擠 掉 鍾 小平
hate_politics,黃捷 選贏 藍白會氣 瘋
hate_politics,賴 瑞隆 兒子 霸凌 處理 得 好 選情 加分
hate_politics,助理 領 立委 決定 錯
hate_politics,小泉 說 希望 與 澳洲 加強 合作 應 中國
hate_politics,賴 瑞隆 民進黨 高雄市 選 內 鬥 成功
hate_politics,陳佩琪 peggyfb 嗆 叫 妳 要 做 飯
hate_politics,賴 瑞隆 子女 涉 校 園 霸 凌 ptt 深綠 版主 喊 「
hate_politics,賴 瑞隆 時 乖
hate_politics,高雄 鋪 路
hate_politics,賴 會 說 打人 屁孩 親戚
hate_politics,綠粉 認同 民進黨 留著 中華民國
hate_politics,台南 初選 廝殺 郭國文 妻 掀 「 陳亭妃 助理 父
hate_politics,柴壽山 「 探勘 達人 」 失聯 天 邱議瑩 急
hate_politics,高雄市 長 影子 初 選 人 選
hate_politics,臺 灣 最大 政治 笑 話
hate_politics,改 國號 怕 揍
hate_politics,助理 費 除罪 後 立委 薪水 高 於 總統
hate_politics,陳玉珍 根本 台灣 iu
hate_politics,連阿苗 知道 大家 討厭 民進黨
hate_politics,能 簡短 說 明賴 瑞隆 事件
hate_politics,新潮流 會 後 希望 許智傑
hate_politics,賴 瑞隆 時 分 重大 說明
hate_politics,之前 討論 賴 瑞隆 選 高雄市 長
hate_politics,政黑 看好 人 選 應 能力 差
hate_politics,要 選舉 老賴會
hate_politics,邱議瑩 想
hate_politics,直接 徵召 管碧玲 鎮住 邪魔歪道
hate_politics,時候
hate_politics,民進黨 詮釋 因小失大 成語
hate_politics,打 陸配 小孩 應 沒事
hate_politics,服兵役 相關 提點 子 歡迎 大家 踴躍 附議
hate_politics,同黨 痛恨 怪獸 家長 校園 霸凌
hate_politics,高雄 派 差
hate_politics,獨家 》 工作 嚴 無 存 傅 崐 萁 稱 助理
hate_politics,中國 「 刻意 放緩 」 稀土 出口 日本 媒
hate_politics,阿扁 能力 是不是 屌 打 賴 校 長
hate_politics,大家 死 後 會 捐出 遺產
hate_politics,賴 瑞隆 記者 會 根本 挖洞 給 跳 退定
hate_politics,會 會 空降 潘孟安
hate_politics,賴 瑞隆 仔 幹 惡 噁 事 袒 護 得 好
hate_politics,市長 孩子 重要
hate_politics,哪些地方 會 成為 綠色 恐怖 不義 遺址
hate_politics,驚傳 退選 受 孩子 校園 事件 影響 賴 瑞隆 下
hate_politics,論賴 瑞隆 應選
hate_politics,潘孟安 黃捷
hate_politics,黨媒 沒有 幫賴 洗白 是不是 怪怪的
hate_politics,政黑 反轉
hate_politics,藍白 得逞
hate_politics,實板 標 事件 套路 小心 踢 鐵板
hate_politics,劉世芳 小紅書
hate_politics,賴 瑞隆 政壇 竄起
hate_politics,直接 破題 賴清德 喊 獨
hate_politics,翁達瑞 挺賴 瑞隆 「 兒子 皮 」 自爆
hate_politics,中華電信 雲 豹子 公司 天能 綠電 啟動
hate_politics,俄國 準備 攻勢 東亞 打
hate_politics,支持 黃捷選 市長
hate_politics,罵 侵犯 隱私 、 找 麻煩 不退 警 阻詐
hate_politics,國民黨 推 貪污 除罪 化
hate_politics,黃國昌 根本 台灣 朴寶劍
hate_politics,板主 說 眾 版友 支持 剩 勸
hate_politics,楊瓊 瓔目 標是
hate_politics,賴 瑞隆 兒 被爆 打 集團 孫子 受害
hate_politics,打 兒童 政治 氣氛 開始 反轉
hate_politics,禁網 是為 加速 統一
hate_politics,berotec 是不是 警總 抓走
hate_politics,抖 音 父母 白養 是不是 假 議題
hate_politics,賴 是不是 穩
hate_politics,賴 瑞隆 事件 正式 定義 打人 霸 凌
hate_politics,藍白 說 台灣 景氣 差 信
hate_politics,黃捷 下禮 拜會 表態 參選
hate_politics,小紅書 超過
hate_politics,要 人才 能 政
hate_politics,靠北 張嘉郡 學歷 頂
hate_politics,larry 隆 退 最佳 算計
hate_politics,最近 信徒 是不是 發現 根本 支持 藍白
hate_politics,慟 tinder telegram 沒有 設 代表人
hate_politics,高嘉瑜 帶 國中 生 唱 王世堅 沒 出息 影
hate_politics,版主 沒事 懷疑 自導 自演
hate_politics,台南 溪北 是不是 獨立 成 新 營 縣 好
hate_politics,捅 陳亭妃 人
hate_politics,脆 熱議 賴清德 捐
hate_politics,卦 洗前 板主 berotec 青 鳥
hate_politics,高雄 檢 調動 起來
hate_politics,謝龍介 兒子 vs 柯建銘 兒子
hate_politics,打人
hate_politics,板友 berotec 出來
hate_politics,賴氏霸 凌 案 會 燒 啊
hate_politics,鶄 洗 謝 龍 介 兒 會 讓 人 知道 爛 龜 惡 霸 嘴 臉
hate_politics,全國性 校園 霸凌 鍋
hate_politics,賴 瑞隆 子女 打 同學 翻謝 龍介兒 吸毒 舊
hate_politics,日本 防衛省 遼寧 艦 殲 鎖定 日本 f
hate_politics,賴 瑞隆 霸凌 者 父母 道歉 難
hate_politics,藍白 提案 助理 費 萬統 匯入 委員 帳戶
hate_politics,b 前 版主 賴兒 變成 受害者
hate_politics,高雄 台南 重要
hate_politics,鳥事 籮 筐 心裡 苦
hate_politics,ptt 板主 改 板標 「 賴 瑞隆 子應 就地正法 」
hate_politics,謝龍介 兒子 吸毒 拒補
hate_politics,讓 深 綠板 主 破防 政黑 最佳 男主角
hate_politics,揭秘 美國 鎖定 中墨 毒網 神經中樞
hate_politics,簡立峰 ai 浪潮 下台 灣 不能 選 站
hate_politics,台中學校 霸凌 事件
hate_politics,賴清德 說 改 國號 是為 團結
hate_politics,上 登上 新聞 政 黑板 主是 kero
hate_politics,上有所好 下 甚 焉
hate_politics,兒子 性騷 道歉 原因 知道 錯
hate_politics,鳥 就算 兒 殺 人 父 選
hate_politics,會 放縱 小孩 在校 園霸凌 家長 人
hate_politics,隆哥 兒子
hate_politics,國民黨 槍 殺 小 紅書 使用者
hate_politics,高金 泰雅族 說 閩南 學習
hate_politics,防長 小 小泉 開 記者 會 中國 強烈 抗
hate_politics,是否 應該 修法 以下 霸凌 除罪 化
hate_politics,霸凌 性騷 受民 進黨 統 教育
hate_politics,脆 壓垮 民進黨 後 稻草
hate_politics,苗 中國 入侵 台灣 會 運作
hate_politics,脆 使用
hate_politics,機器 人大 軍 打來 能撐
hate_politics,中華電信 採購 綠 電 創中華電信最
hate_politics,賴 瑞隆 說 破防
hate_politics,賴 瑞隆 小孩 事情 公眾 事務
hate_politics,謝龍介兒 吸毒 柯志恩 兒 美國 人
hate_politics,楊 斯 棓 醫 師 咀嚼 肌 fb 美國 台灣 核心 利益
hate_politics,賴 瑞隆 值得 高雄市 長
hate_politics,孩子 啊
hate_politics,民進黨 是不是 小紅書 推廣 大使
hate_politics,fb 應 要
hate_politics,小紅書 app 能 使用
hate_politics,政黑 前 b 版主 解職 會 出 國 散心
hate_politics,berotec 直接 政 黑板 友 光速 切割
hate_politics,新北 民生 地下道 廠商 落 跑 市府 發
hate_politics,綠 共板 主翻 車 是不是 爲 國 學 造 詣 太差
hate_politics,綠畜 評價 台南人 斧頭 砍 女警
hate_politics,藍白 小草 支持 藍白 法案
hate_politics,台派 最大 恥辱 切割成 藍白 雜草
hate_politics,賴 瑞隆 小孩 選 市長
hate_politics,俄 華 免簽 福建 小伙 莫斯科 俄警
hate_politics,青鳥 說 b 大 小草 反串
hate_politics,澳洲 禁 以下 使用 社群 媒體 tiktok 遵
hate_politics,藍白 道德 標準 附體
hate_politics,香港 炸雞 翅膀 好吃
hate_politics,藍白 內 貪污 除罪 化罪證
hate_politics,賴 漠視 女童 連續 暴打 太陽 穴
hate_politics,青鳥 精障 智障
hate_politics,防 相 島 擺 飛彈 制定 北京 當
hate_politics,整黨 赤化 前 國民黨 副 主席 赴 中國 喊 統一
hate_politics,支持 林岱 樺 東山 再起
hate_politics,沒了 美國 日本 即 四面楚歌
hate_politics,柯文 哲 敢 講 募款
hate_politics,小紅書 找 不到 聯絡 人 禁 黑道 行為
hate_politics,八卦 版 喜歡 小 紅書
hate_politics,中共 館長 任務 成立 市場 統促 黨
hate_politics,高雄市 教育局 加班
hate_politics,攻陷
hate_politics,「 就地正法 」 青鳥 能 凹
hate_politics,河蟹 好吃
hate_politics,b 前板 主被 當成 小草 算 做 功德
hate_politics,中共 飛彈 射 到 高 市 桌上
hate_politics,犯法 錯 藍白 朋友 可能 懂
hate_politics,鳥鳥 互打 敢 做 當
hate_politics,性騷 女姓 開始 培養
hate_politics,小草 反串 不容 反串
hate_politics,到 賴 瑞隆 沒有 放棄 退選 原因
hate_politics,中國 老兵 又双 叒 現 役 軍 人 抄家
hate_politics,鄭麗文 腦袋 壞 掉
hate_politics,兒 涉霸 賴 瑞隆 踢爆 專攻 女 立委
hate_politics,dpp 初選
hate_politics,好好笑 打 電動 上來 版主 不見
hate_politics,聽 說 政黑 出 大事 人 好
hate_politics,賴瑞會 成為 新 全黨 護 人
hate_politics,爆住 中心 增 人 「 領 」 許宇
hate_politics,青鳥 觀察 記
hate_politics,八卦 板人數 少 剩 人次
hate_politics,反串 表達 啊
hate_politics,久 抓到 人
hate_politics,蔣萬安 批 不用 翻 牆 民主
hate_politics,中國 補助 統戰 小吃 藍白 申請
hate_politics,政黑 關版 話 辦
hate_politics,政治 豚能 瘋
hate_politics,賴 瑞隆 不滾蛋 陰謀論 全餐 招待
hate_politics,前 版主 肋 插刀 政黑鳥 無 情 切割
hate_politics,小 紅書 高層 前途 似 錦
hate_politics,沈伯洋 賴 瑞隆 兇 手會 抓
hate_politics,啊 個 孩子
hate_politics,青鳥 板主 要賴 瑞隆 就地正法 阿
hate_politics,韓團 aaa 說 beautiful country 對岸 發現
hate_politics,賴 瑞隆 兒 涉 校 園 霸 凌 ptt 深綠 版主 擅 改版
hate_politics,核能 酸 智障 青鳥
hate_politics,要 會 抓 人
hate_politics,封小紅 書 操作 好笑
hate_politics,青鳥 出事 打成 藍白 xdd
hate_politics,綠 粉板 主 綠 黨 會 放過
hate_politics,勝選 氣氛
hate_politics,覺得 政黑 拿 反串 仔 開刀 實在
hate_politics,深 綠長輩 看到 新聞 大 罵 政 黑 版
hate_politics,反串 遠 詐騙 可惡 修法 重刑
hate_politics,kkc 消失
hate_politics,政黑 下 版標 要
hate_politics,小草 版主 就地正法 開心
hate_politics,berotec 出面 說 話
hate_politics,“ 就地正法 ” 污穢 不堪 詞
hate_politics,日本 夜 爬 習俗 是不是 符合 青鳥 胃口
hate_politics,小孩 管 想 管 城市
hate_politics,berotec 會 公關
hate_politics,旺 中 標題 清晰
hate_politics,berotec 會 羈押
hate_politics,幹 賭注不會爛尾
hate_politics,講賴 瑞隆 講 藍粉 不信
hate_politics,捅 賴 瑞隆 會 會 人
hate_politics,台灣 版 澤倫斯 基
hate_politics,蕭美琴 臉書 員警 遭撞 事件 發文
hate_politics,食糞 柯志恩 應 援賴 瑞隆
hate_politics,問題 賴 瑞隆 連 小孩 教 啊
hate_politics,小紅書 超越 threads 跑 到 app store
hate_politics,政黑 問題 於 想裝 理性
hate_politics,政黑 前板 主 反串 出事 推
hate_politics,看到 前 b 版主 不勝 唏噓
hate_politics,反串 綠 藍白 子
hate_politics,追根究底 該 抵制 反串 陋習
hate_politics,政黑 好事 出門 壞事 傳
hate_politics,青鳥 人 幫 強
hate_politics,be 版主 最近 會 來 政 黑
hate_politics,計 可免 中分 龜頭 政客 仔 霸 凌
hate_politics,政黑 關版 要 撤退 到
hate_politics,禁 小 紅 書 幫 忙 打廣 告
hate_politics,berotec 去 警局 自首 會 減刑
hate_politics,反串 時候 覺得 政黑離 現實
hate_politics,berotec 超綠 會 藍白仔
hate_politics,藍白 網軍 適可
hate_politics,會 看到 b 前 版主 上 新聞
hate_politics,政黑 突然 上 新 聞
hate_politics,berotec 會 羈押
hate_politics,b 前 版主 晚餐 要 吃 滷 味 鹹 酥 雞
hate_politics,賴 瑞隆 落馬 誰 受益 最大
hate_politics,天子 無 私事 風氣 帶 起來
hate_politics,轟 蕭美琴 「 輔選 」 害員警 重傷 洪孟楷
hate_politics,快 新聞 反串 出事 ptt 政 黑板 主對綠 委兒
hate_politics,蔣萬安 詐騙 打 掩護
hate_politics,青鳥 小粉 紅 贏麻
hate_politics,前 版主 zeuswell 像 反串
hate_politics,笑 死 聖 地
hate_politics,政黑 前板 主嶺 東 仔力 挺賴 兒 爆揍 女 森
hate_politics,白藍 網軍 翻車 青鳥 反串
hate_politics,朱真楷 快 評 》 民主 翻 車黨 高光 時刻
hate_politics,柯文 哲 直播 承認 不雅 影片 舒淇
hate_politics,男人 身入 局 成功 喚醒 藍白 良知
hate_politics,前 b 版主 小草
hate_politics,請 問 回歸
hate_politics,初 選 正式 選舉
hate_politics,西班牙 調查 非洲 豬 瘟 實驗 室外 洩 可能性
hate_politics,脆 謝龍介 兒子 持 k 毒 駕
hate_politics,小孩 打 乖
hate_politics,累 看張 美女 圖
hate_politics,沒有 聽 詞 叫 「 批皮 黑 」
hate_politics,韓國瑜 辦法 脾氣 好
hate_politics,黃國昌 會 評論 政 黑板 標 事件
hate_politics,論 中分 龜頭 政府 可能 禁 臉 書
hate_politics,ptt 板主 對賴 瑞隆 兒 發表 「 涉違 法言論 」
hate_politics,改版 標有 沒有 可能 是護 主行
hate_politics,知道 賴 瑞隆
hate_politics,政黑 是不是 應該 要 關版
hate_politics,小草 改圖 羈 押禁 見 青鳥 煽動 殺 小孩
hate_politics,佩服 綠 粉板 主
hate_politics,berotec 青鳥 說 小草 傷心 xdddd
hate_politics,政黑版 沒有 錯 錯 版 上 幹 弱智 鶄 障
hate_politics,立委 家人 恐嚇 警察 破 不了 案
hate_politics,蠻 好奇 berotec 現實 年齡 應 會 大
hate_politics,馬老師 發生 事
hate_politics,李 宜志 工 跳 黨 黑
hate_politics,全政 黑 是不是 人
hate_politics,狂賀 大 罷 免終 於 破蛋 1
hate_politics,郭正亮 預言 賴 瑞隆 可能 會 料
hate_politics,bero 前板 主是 小草 可能性
hate_politics,青鳥 暴力
hate_politics,青鳥 腦袋 偏激 思想 是不是 該
hate_politics,賴粉 berotec 排泄 囉
hate_politics,berotec kkc 高雄長庚 分身 集團 可能性
hate_politics,板標 事件 中共 陰謀
hate_politics,選出 版主 地方 是不是 關板
hate_politics,板標 會 讓 政黑 版主 警察 請 去 喝茶
hate_politics,日本 、 台灣 、 中國 劣幣 驅逐 良幣 時
hate_politics,改版 標 心路 歷程
hate_politics,停止 刺激 青鳥 開始 線
hate_politics,0 讓 青鳥 瘋
hate_politics,拿 黨證 是不是 不錯
hate_politics,三民 自會 標題
hate_politics,鳥兒 次要 幫板 主護 航
hate_politics,花 讓 小孩 讀書 打 理能 忍
hate_politics,立委 小孩 兇
hate_politics,幹小紅 書 能 上
hate_politics,脫 褲子 廁所 堵 女 同學 賴童民 進黨
hate_politics,藍 白版 主太 惡心
hate_politics,賴 瑞隆 事件 會 逼 瘋 青 鳥
hate_politics,藍白 女神 林姿妙 借
hate_politics,賴兒 會 學
hate_politics,跟到 政 黑板 大場 面
hate_politics,賴 瑞隆 小孩 霸凌 事件 傷婦 女票
hate_politics,藍白 小草 知道 孩子
hate_politics,大家 覺 得 藍白 追殺 學生 可恥
hate_politics,高雄市 選 是不是 像 大 逃殺
hate_politics,狼性 要 培養
hate_politics,小 鴨 霸 爸爸 生氣
hate_politics,打人 雜草 檢討 中共
hate_politics,爸 委員 想
hate_politics,涉霸 子女 眾 脫 褲 通報 性平
hate_politics,賴清德 要 支持 許智傑
hate_politics,台北 發生 校園 霸凌 女童遭 霸 凌 後 癲癇 發作
hate_politics,板 主要 小孩 就地正法
hate_politics,關鍵 問題 出 陳水 扁
hate_politics,賴桑 反應 像是 立委 水準
hate_politics,柯文 哲玩 戲 進 土城 鍾 小平 邀功 國民黨 要 頒獎 狀
hate_politics,小紅書 禁 冒出 政治 冷感 人
hate_politics,應該 小孩
hate_politics,古有 石 碏 殺 子 大 義 滅 親 今 阿隆寵 豬 舉 灶
hate_politics,賴 瑞隆 連 道歉 電話 不肯 打
hate_politics,海 鯤號 部主機 部能 運轉
hate_politics,藍 白 要 攻擊 政敵 未成年 小孩
hate_politics,青鳥 小 時候 玩 大 唷 大驚小怪
hate_politics,賴 瑞隆 柯志恩
hate_politics,打 太陽 穴
hate_politics,難 怪 青鳥 喊 吊路 燈
hate_politics,大人 霸凌 小孩
hate_politics,綠 小 咖 子女 欺負 人
hate_politics,賴 瑞隆 兒子 之前 霸 轉學
hate_politics,屬 詐騙 集團 要 退選
hate_politics,民眾黨 擬 成立 「 黃國昌 新北 市長 後 援 會 」
hate_politics,政黑 藍白 網軍 攻下
hate_politics,青鳥 脆 瘋狂 攻擊 阿信
hate_politics,暴力 青鳥 家長 養出 青鳥 小孩 是不是
hate_politics,能 說賴 瑞隆 黨內內 鬥
hate_politics,高雄市 長寶 香
hate_politics,說 要 打屎
hate_politics,執行 蔡 英文 勤務員警 撞
