Title,Board
現在的助理費不夠法制化嗎？,hate_politics
1兆多國防預算跟財劃法就用公投吧,hate_politics
師傅是狗,hate_politics
假如大型連鎖超市跟小雜貨店都有食安問題,hate_politics
全部的人都在演啦，別被騙了,hate_politics
喊倒閣的是不是國中沒念過公民？,hate_politics
陳琬惠：我是宜蘭藍白合最大公約數,hate_politics
陳亭妃會勸林俊憲不要脫黨參選嗎?,hate_politics
"蔣經國為人正派,為什麼兒子都是廢柴?",hate_politics
藍白可以不要死要面子了嗎？,hate_politics
從放棄陸籍問題到共諜依親問題by王至劭,hate_politics
就地x法！,hate_politics
桃園某國中生課堂上抽電子煙　煙油驗出喪,hate_politics
吳子嘉：吳宗憲被請去小房間修理,hate_politics
助理費除罪化惹議　韓國瑜：修法不該侵害,hate_politics
濱崎步最終場[澳門場]確定取消,hate_politics
如果2028年還是賴連任總統該怎麼辦,hate_politics
所以大罷免不代表主流民意了？,hate_politics
應佳妤是正妹嗎？,hate_politics
以前海珊的部隊名字都好好聽,hate_politics
阿扁會出現在陳媽祖的宣傳車嗎?,hate_politics
叔叔賴清德徵召選基隆市長？童子瑋：靜待,hate_politics
黃國昌：幫民意代表除罪化是可恥的修法,hate_politics
國民黨有把人霸凌到離世的委員,hate_politics
台灣國國王現在是卓榮泰嗎?,hate_politics
歡迎韓國人來中國台灣開演場會 這樣可以?,hate_politics
其實台灣人才是慣老闆吧？,hate_politics
陳水扁開節目藍白根本在暗爽,hate_politics
蔣氏父子一直以來殺人都無罪啊,hate_politics
嘉義梅山鄉公所加碼普發！　鄉親排隊每人,hate_politics
柯文哲當初說要處理社子島問題,hate_politics
藍白愛支那，卻是台海優先的填線寶寶,hate_politics
謝典霖跟謝衣鳳哪個比較優秀？？,hate_politics
自然人憑證跟愛台灣的關聯是什麼？,hate_politics
賴是不是也心知不可能連任了？,hate_politics
doig 不是開示過了嗎 國民黨貪污正常,hate_politics
賴鐵頭要讓爛龜黨低能到什麼時候,hate_politics
阿扁以前是怎麼讓民進黨顯得不低能,hate_politics
中國人其實也不想打吧?,hate_politics
林俊憲的競選帆布要變成做功德了嗎?,hate_politics
撈7億應該比撈700元助理費一樣嚴重吧？,hate_politics
藍白：助理費進立委帳戶，監督更有力,hate_politics
嘴巴說不投降，但是身體後面投降怎辦？,hate_politics
苗博雅說出了真相！,hate_politics
台灣現在全民認真演習會狂掉票嗎,hate_politics
把國民黨推向深淵的人是馬囧還是李登輝?,hate_politics
不然民進黨自己提倒閣吧,hate_politics
立陶宛拒絕中國對台灣代表處的要求,hate_politics
其實賴清德總統可以做出想談判的樣子,hate_politics
中國推出的新國標電動車 太神了,hate_politics
牛煦庭是不是唬爛要搏版面？,hate_politics
黃國昌：助理費法制化堅持公款公用　沒,hate_politics
倒閣就沒用為什麼要討論倒閣,hate_politics
藍白要醞釀提倒閣案了吧,hate_politics
若開戰台灣減400萬人+割地賠款 接受嗎？,hate_politics
台派理想的中國犯台日程表,hate_politics
賴皮抱怨老柯都在裝死？,hate_politics
總統副總統選罷法要不要修1/2就可以罷免,hate_politics
吸小草票？應曉薇女兒突別「kp」徽章　吳,hate_politics
大學副教授指控論文抄襲大翻車 徐巧芯預,hate_politics
幕後》反助理費除罪化連署已200人 6立委,hate_politics
是不是有一半的中國人，被美國拖下水,hate_politics
我痛恨台北市的建築法規,hate_politics
肉呆的true飯沒人了？,hate_politics
遼寧號被指駛入美日訓練區 中方反問日機,hate_politics
綠營會什麼想淡化戰爭情況啊？,hate_politics
反共不反中，民進黨是哪一個字看不懂？,hate_politics
苗博雅退出競爭市長 青鳥有鬆一口氣嗎？,hate_politics
支那人抗日成功！,hate_politics
綠委：國民黨要自清鄭習會沒有交換條件,hate_politics
老柯真的完全消失了？,hate_politics
幹 我錯了puma老師是說90%人上戰場,hate_politics
民眾黨要求3月底以前完成2026整合,hate_politics
吳怡農如果參選市長,hate_politics
三權分立，立院可以提不信任案!,hate_politics
執政黨提案倒閣自己的行政院長,hate_politics
行政院不副署 沈柏洋:國會應該倒閣,hate_politics
子弟兵何元楷遭爆國小霸凌同學！　羅智強,hate_politics
王毅跟德國外長對談: 戰敗國應謹言慎行,hate_politics
把助理當乞丐的立委名單一覽,hate_politics
青鳥普信女為什麼特別多？,hate_politics
32:0 政黑綠促 瑟瑟發抖,hate_politics
沒錢當什麼助理？便當助理不用錢啊？,hate_politics
你去韓國玩 被迫加註中國台灣是啥感受?,hate_politics
台灣詐騙犯「遣送中國」！　873人全辦了,hate_politics
大公投大成功有幾成勝算？,hate_politics
桃園某國中課堂使用電子菸驗出喪屍煙彈,hate_politics
快訊/陳玉珍再度提案「微罪緩刑也可參選」,hate_politics
藍白修惡法 是行政院要擔慮的事嗎？,hate_politics
應佳妤：+<><深深地感受到來自民主的鐵拳,hate_politics
卓榮泰下台倒計時了？,hate_politics
涉貪455萬議員陳怡君哭認罪「我不是貪心,hate_politics
巧芯 準備開吉 會有政黑板友中槍嗎？,hate_politics
陳玉珍提微罪緩刑可參選 幫蘇清泉開後門,hate_politics
怎樣的人陽萎沒種時，會怪鄰居啊？,hate_politics
韓國把台灣標成中國台灣,hate_politics
憲法法庭到2028選前都無法運作、對吧?,hate_politics
菲律賓廢止台灣西班牙豬肉進口許可qq,hate_politics
藍白強推立委貪汙除罪化,hate_politics
應曉薇女兒不要想白營的票了,hate_politics
國民黨殺人無罪,hate_politics
桃園「92班停課」長達7天　腸病毒爆發了,hate_politics
黃仁勳是否會出賣台灣？ 趙怡翔：不擔,hate_politics
藍白+五毛：圍島、打電網 台灣就會投降了,hate_politics
美對輝達h200抽成25%怎麼抽白宮官員：從台灣出口時徵收,hate_politics
藍白要怎麼確保賴瑞隆出線？？,hate_politics
東南亞洪水死那麼多人 賴完全不聞不問？,hate_politics
行政院也不用給立法院審預算吧,hate_politics
行政院帶頭違憲對2026大選多加分？,hate_politics
苗澤東：是烏克蘭官員說 馬照跑 舞照跳,hate_politics
puma老師說戰爭時90%人不在戰場,hate_politics
為什麼年輕人都不挺假的蔣家人？,hate_politics
苗博雅是不是在幻想東線無戰事,hate_politics
黃國昌：配套不良，恐瘦了孩子們的營養,hate_politics
苗澤東有受過專業的軍事訓練嗎？,hate_politics
陳玉珍嗆助理：助理費案我不會撤回,hate_politics
建議卓榮泰尋求釋憲並強調尊重司法判決,hate_politics
清大吞的下  翁曉鈴挺貪污,hate_politics
派苗博雅當國防部長可以嗎？,hate_politics
又開後門？陳玉珍提案鬆綁排黑「讓緩刑,hate_politics
應曉薇女兒 別「kp」徽章,hate_politics
大地震台灣客護飯店電視 日本人感動瘋傳,hate_politics
法案公布「卓揆不執行」　深綠學者：比惡,hate_politics
就算憲法法庭 認定違憲 行政院還是能耍賴,hate_politics
法律公布不執行是法盲嗎？,hate_politics
違憲行為制止違憲法案！不滿就去釋憲,hate_politics
台灣關係法可沒說美國會幫忙打仗！,hate_politics
國台辦指示藍白：陸配參政權應保障,hate_politics
禁廚餘養豬配套不良　黃國昌：恐瘦了孩,hate_politics
藍白畜又翻，國民黨霸凌參選人道歉了,hate_politics
賴瑞隆今日居然沒宣布退選啊～,hate_politics
民進黨小兒霸凌跟國民黨學生時期霸凌,hate_politics
指標性綠粉都在臭卓榮泰違法硬幹,hate_politics
徐嶔煌京都完婚！和新郎年齡差逾10歲,hate_politics
共產黨應該很期待司法弄死黃國昌,hate_politics
貪汙無罪，會幫國民黨2026選情多拿幾票 ?,hate_politics
軍公教在哭窮？那勞工怎麼辦？,hate_politics
蔣萬安為何要選台北市長連任???,hate_politics
財劃法僵局…卓榮泰：只要總預算、強化,hate_politics
清德什麼時候要稱帝,hate_politics
chat gpt說了實話會被制裁嗎,hate_politics
"黃智賢:中央總預算3兆,都匯到賴清德帳戶",hate_politics
黃智賢世界fb 惡魔立委的邏輯,hate_politics
何元楷同學：大家小時候多少調皮,hate_politics
中國戰區台灣省受降儀式！？！？,hate_politics
助理費除罪化！28藍委再提地方民代比照辦理　免,hate_politics
笑死，柯建銘不接這個鍋了,hate_politics
日本 tiktoker 大逃亡,hate_politics
大小姐說要集體自律了,hate_politics
民進黨立委為什麼不提倒閣？,hate_politics
黃捷現在還有在深蹲嗎？,hate_politics
我以為違憲的只有藍白,hate_politics
老川要跟中國合作青鳥何去何從,hate_politics
鶄是不是蠻智障的,hate_politics
嘉義將普發6千！台中跟進？盧秀燕反應曝,hate_politics
中共要怎麼佔領台灣，渡海登陸還是空降 ?,hate_politics
股票板怎麼變成舔中板的,hate_politics
館長拿掉政治跟髒話 能直播超過一小時嗎,hate_politics
農農是輸三世祖哪裡？,hate_politics
立院通過法案不執行會是最後一根稻草嗎？,hate_politics
立委薪水變相增50萬! 揭陳玉珍提案引爆國,hate_politics
大陸多地統計女性月經期 中共如黑社會般催,hate_politics
國民黨要求封鎖抖音跟境外ip,hate_politics
王毅稱台灣地位已被「七重鎖定」：自古,hate_politics
批踢踢剩三萬人上線 還有新帳號出現？,hate_politics
快訊/陳玉珍「提案非常公正 不會撤回」,hate_politics
政院堅持不執行財劃法 國民黨團：卓榮,hate_politics
看一些藍粉竟然在護航何元楷?,hate_politics
館長：藍白不管我的死活！只有旺董,hate_politics
撐過考察期！館長嗨吼「有抖音商業號了,hate_politics
支那人在日本平交道被撞死,hate_politics
明年民進黨大敗，賴清德會怎負責？,hate_politics
防禦武裝自己買到空氣怎麼辦,hate_politics
苗博雅在fb被詐騙.有抓到幕後主謀嗎？,hate_politics
戰爭要怎摸正常生活,hate_politics
國民黨提案 貪汙 不受刑法規範,hate_politics
真的開戰死傷都是自己人造成的,hate_politics
我諸羅山自有尊嚴,hate_politics
明年的總預算 藍白會怎麼審?,hate_politics
台派最終的結局,hate_politics
小草被當人肉盾牌，你會怎麼做？,hate_politics
翁曉玲批廢死再爆驚句：大法官解釋未必,hate_politics
酒駕小草：政府只會搶錢,hate_politics
各位千萬不要忘記周子瑜事件,hate_politics
打仗的時侯國昌老師會看錯國旗嗎,hate_politics
自願役中民進黨支持者佔幾成？,hate_politics
十件民進黨執政後不能再酸對岸的事,hate_politics
青鳥是不是還沒發現反中的風向已經改變？,hate_politics
國民黨內鬥何元楷?,hate_politics
小草怒「為什麼現在沒有憲法法庭！」,hate_politics
民進黨為什麼這麼怕跟大陸交流？,hate_politics
行政院不執行立院三讀法案怎麼辦,hate_politics
"防詐至上,不妨修法讓陸資平台無障礙落地?",hate_politics
小紅書若配合政府司法部門打詐將是雙贏,hate_politics
如果青鳥投降解放軍，各位會怎處理？,hate_politics
沈伯洋是不是也很愛演受虐兒,hate_politics
鄭麗文聲量雪崩只剩一成！ 藍營直播圈熱度下跌 粉專分析原因,hate_politics
中共打來就是藍白害的!,hate_politics
兩岸開戰，股市28000剩有3000嗎？,hate_politics
為何北京語霸權黨和民眾兩黨要違憲立法,hate_politics
中國新國標電動車遭網民大吐槽,hate_politics
藍白太孬了吧 居然一堆不敢上戰場,hate_politics
台派沒有未來的～,hate_politics
藍營新人何元楷遭爆「從小霸凌」！涉推擠潑水吐口水,hate_politics
尹啟銘：台股上2萬點！！,hate_politics
陸女入境下體鼓起　內藏1公斤活蟲,hate_politics
dodomessage: 怎麼可以貼人霸凌標籤！,hate_politics
帶女兒出門被突襲遭疑自導自演！沈伯洋,hate_politics
麥玉珍選台中能拿幾%,hate_politics
偏安就好了為何綠堅持獨立？,hate_politics
苗不知道烏克蘭少1/4人口？,hate_politics
偏安就好了為何藍白堅持統一？,hate_politics
現在要開始限制役男出境了吧？,hate_politics
藍白不願意保衛台灣算叛國罪嗎,hate_politics
張啓楷自曝 本月被徵召選嘉市,hate_politics
為什麼民進黨政府敢違法亂紀不依法行政,hate_politics
館長想當總統,hate_politics
嘉義市加碼普發6000元計畫　市府9日送議,hate_politics
台灣女性應讓習近平馬上風,hate_politics
民眾黨兩個女人都不回來xdd,hate_politics
川普同意輝達h200 晶片出口中國,hate_politics
台若開戰「馬照跑舞照跳」？苗博雅提烏,hate_politics
欸，現在公然說小孩應該要處決都沒事喔,hate_politics
來看一下哪些人在幫公務員貪污除罪化,hate_politics
戰爭就是閩南政權垮台的痛點,hate_politics
看下脆根本沒人認同賴清德中華民國團結說,hate_politics
2026民進党與八炯可以繼續合作嗎？,hate_politics
丁瑀：國民黨裡面有很多親共媚共甚至已經,hate_politics
和平太久才會沒有危機意識,hate_politics
約談黃國昌人頭／凱思金主姻親表弟遭鎖,hate_politics
民進黨應該讓苗在高雄選,hate_politics
姻親是黃國昌老婆的l姓表弟,hate_politics
黃國昌幫自己修法，勾串證人滅證、免羈押,hate_politics
日本f15被中國j15鎖爛了，中國軍力比青鳥,hate_politics
烏克蘭死多少人，民進黨內心不會不安？,hate_politics
台灣志願役的問題,hate_politics
t21請進，柯文哲說過....,hate_politics
berotec會被什麼事釣到發文？,hate_politics
願意保衛台灣但不願意當兵是啥邏輯,hate_politics
賴清德會有李登輝的gus嗎？,hate_politics
連台獨都不敢的孬種，是要保護啥？,hate_politics
網軍鎖定黃暐瀚  真。毛骨悚然,hate_politics
女生不當兵用什麼保衛台灣？,hate_politics
中共早就跟美軍交手過了,hate_politics
日本又強震 阿館會捐錢嗎？,hate_politics
最新民調：藍白均有3成不願意保衛台灣,hate_politics
所以民進黨的台獨進度報告,hate_politics
沒「前」板主帶領，政黑該怎再次躍上新聞,hate_politics
黑熊是忘了大罷免32:0嗎？,hate_politics
民眾黨許甫請進,hate_politics
台灣主權決議文跟九二共識一樣廢物文獻,hate_politics
國民黨要民調贏就贏，輸也要贏的遊戲,hate_politics
路易莎營收低就是當初的報應吧,hate_politics
點兵嘉義市施壓藍白整合 黃國昌拍板：張,hate_politics
張啓楷出戰嘉義市長 地方盛傳民眾黨找「,hate_politics
香港父母帶小孩去深圳玩的目的,hate_politics
苗博雅的戰爭論是想表達什麼?,hate_politics
所以能認定台獨不獨是假議題了嗎？,hate_politics
南韓驚爆12萬台監視器畫面遭駭！非法「裸,hate_politics
貪污助理費除罪 到底有什麼問題?,hate_politics
「政治是一時、為人父母是一輩子」賴瑞,hate_politics
有一說一 所以預算案會怎樣收場?,hate_politics
所以國民黨不會擋軍購了吧?,hate_politics
【禁聞】詭異！中國多地無人機半夜噴灑,hate_politics
google 也不給民進黨跟賴清德面子耶,hate_politics
高雄市市長候選民進黨四傑優點？,hate_politics
2中國女遊日「假冒台灣人」！ 京都壽喜燒名店一句話拆穿,hate_politics
是什麼動力讓橘子永久逃亡海外??,hate_politics
海角阿扁重磅回歸鏡週刊!!,hate_politics
駁心結說 鄭麗文喊盧秀燕「就是太陽」,hate_politics
台獨已經死透了吧?,hate_politics
馬克宏向中國放話：不縮減貿易逆差就課,hate_politics
為啥反智苗要洗戰爭不可怕的風向,hate_politics
我第一次看到全世界有人這樣自嗨的,hate_politics
青鳥失守街亭了嗎?,hate_politics
現代戰爭根本不可怕.也不會死什麼人！,hate_politics
賴清德不敢宣布台獨是怕被斬首嗎,hate_politics
靠背 美國拿中國那麼多貸款喔！？,hate_politics
能說原諒的只有女童,hate_politics
黃國昌：賴清德打嘴砲30年夠了吧？,hate_politics
這次霸凌我真服了洗地的塔綠跟信徒,hate_politics
2025年人均gdp購買力排名預測,hate_politics
所以黃國昌的邏輯是什麼？,hate_politics
脆爆料：國民黨新北議員參選人霸凌同學,hate_politics
陳菊會不會早就已經,hate_politics
我三屆都投民進黨結果要擔心阿共打過來?,hate_politics
黃國昌震怒：賴清德還要嘴砲台獨多久？,hate_politics
可以依照憲法立法要民進黨統一嗎,hate_politics
慟！朱學恆不聊政治時事改聊歷史了,hate_politics
苗澤東知道烏克蘭面積60萬平方公里嗎,hate_politics
柯文哲本周言詞辯論　陳佩琪再控北檢「騙票收索」,hate_politics
青鳥有為了抗中做多少犧牲嗎？,hate_politics
到底哪時後才能倒閣 換掉厚臉皮卓榮泰,hate_politics
為何青鳥要反對國民黨提的貪污除罪化 ?,hate_politics
日本歌手承認自己中國人就可以上台了？,hate_politics
霸凌仔事情也告一段落，該總結一下,hate_politics
徐國勇：基隆市長提名人選非常棒　盼月底,hate_politics
賴瑞隆哭給誰看？53天後才道歉！他怒轟「民主哭神」大戲上演,hate_politics
國民黨捲錢逃難丟下國民跟家屬,hate_politics
cheap評漢來日月行館外觀醜沒查證誰蓋?,hate_politics
認真問！你何時發現台獨是打假球的？,hate_politics
許甫監督矢板明夫吃什麼食物xddd,hate_politics
賴清德指台灣本已獨立「國號不需更動」,hate_politics
為啥中國還是想要武統台灣阿,hate_politics
兩岸開戰白粉可以負責當詐騙軍,hate_politics
12月份政治大戲剩高虹安二審嗎？,hate_politics
全球慘付代價！中國出口海嘯肆虐 貿易順,hate_politics
韓入境卡寫中國台灣遲未改　綠委籲政府,hate_politics
薯條加大、助理費放口袋、貪污五萬免罪,hate_politics
藍白暴民倒讚到志祺想去日本很可悲,hate_politics
從高雄市長候選人看出國民黨的民主,hate_politics
台中一直跳 江啟臣無視 台中人照投,hate_politics
政黑板怎麼看侯友宜唸簡訊的行為？,hate_politics
「吃海鮮挺日本」千人宴一桌3萬　許甫,hate_politics
國民黨提案 黨政軍介入媒體除罪化,hate_politics
刪反共黨章換鄭習會？ 基層憂紅統標籤上身,hate_politics
黃暐瀚threads：四個為什麼？,hate_politics
青鳥都不在乎被霸凌8歲女童心理創傷,hate_politics
三次總統大選，為什麼台北投綠最多？,hate_politics
為什麼青鳥對中國人這麼不友善？,hate_politics
柯文哲從政來的重要代表作?,hate_politics
台中又跳了 怎麼回事,hate_politics
藍白：助理費匯到立委帳戶，是先進立法,hate_politics
變態青鳥偷拍黃國昌老婆也拍未成年,hate_politics
台派的堅持,hate_politics
贊成封鎖小紅書一年嗎？yahoo民調揭網友,hate_politics
為什麼青鳥都不看憲法寫什麼？？,hate_politics
藍白：助理費犯罪太多所以要改掉,hate_politics
政治與私利勿凌駕人性,hate_politics
蔣經國的3個兒子都活不到60歲,hate_politics
日本加重who角色 世衛秘書長承諾加強與台,hate_politics
藍白粉：藍提案詐助理費無罪要歸功民進黨,hate_politics
馬防部證明官兵涉入詐騙集團 強調毋枉毋,hate_politics
藍白強推貪汙5萬內無罪,hate_politics
政治真是失意者的天堂,hate_politics
板上藍白 為何你們支持索賄5萬不算貪汙,hate_politics
「電鍋案」掀輕罪重罰討論　法務部推修法,hate_politics
獨家》國會助理工會週五赴議場抗議 盼,hate_politics
小紅書鎖了等於沒鎖！網友簡單 2 招繼續,hate_politics
原來賴瑞隆子才是被欺負的那位！,hate_politics
根據可靠消息應該是中分龜頭要見習近平,hate_politics
知不知道我爸爸是誰？,hate_politics
笑死助理費案國民黨暫時縮了,hate_politics
藍白腦開始洗 台北不藍、都是中間選民,hate_politics
民主的漏洞是不是像陳玉珍這種？,hate_politics
子不教 父之過,hate_politics
國民黨為何推貪汙除罪化，板上藍腦還支持,hate_politics
一票護航賴瑞隆　cheap毛骨悚然：把「霸,hate_politics
賴總統：台灣樂意幫助中國解決經濟問題,hate_politics
如果藍白霸凌，小草會怎麼雙標,hate_politics
陳玉珍再提地方助理補助費 不受貪污、刑法規範,hate_politics
陳其邁臉書追蹤,hate_politics
到底誰才是對的,hate_politics
貪污助理費最多的不是民進黨嗎？,hate_politics
32:0支持 有貪污可能就修法成排除貪污,hate_politics
秀選舉借貸存摺明細 陳佩琪控檢方：根據,hate_politics
請問貝森特這段採訪是否表示北約解體,hate_politics
高市早苗內閣支持度重挫6.2%,hate_politics
民進黨高雄市市長人選,hate_politics
新竹公務員負擔飆升成全國最重 人口暴,hate_politics
沈伯洋的女兒是不是碰到賴瑞隆的兒子？,hate_politics
陳珮琪；2018我們借錢選舉 2023逛豪宅,hate_politics
saltlake 進來,hate_politics
小紅書被禁小草怎麼不衝立法院?,hate_politics
黃國昌溫柔評助理費:可以多聽聽其他意見,hate_politics
沈伯洋揭露台灣社會長期治安敗壞,hate_politics
媒體可靠消息：鄭麗文要去見習近平,hate_politics
歐美人幹嘛不去中國退休,hate_politics
陳玉珍推助理費修法惹議　黃國昌籲「先,hate_politics
陳玉珍好像蒂法,hate_politics
大港開唱是怎在國民黨唱雖下愈來愈好?,hate_politics
台灣民主慘遭賴清德沒收記者會？？？,hate_politics
高雄青鳥之都終究將成為霸凌之都,hate_politics
別的國家都在追髒錢了 反觀....,hate_politics
蔣萬安明年1對1有機會拿65%嗎？,hate_politics
鄭麗文遞出橄欖枝 鍾東錦鬆口接受國民黨,hate_politics
賴清德想連任，先跟柯文哲下跪道歉吧,hate_politics
脆上面正在追殺「假台派」,hate_politics
警方很針對puma,hate_politics
代母出征 應曉薇女兒應佳妤 表態接棒,hate_politics
吳淑珍跟第三夫人誰囂張？,hate_politics
柯文哲痛恨陳菊 真的是先知,hate_politics
賴瑞隆：網路充斥假消息相信只會撕裂台灣,hate_politics
陳其邁有幾顆頭？,hate_politics
應佳妤跳出來對決鍾小平了 柯智堯呢？,hate_politics
綠營內部鬥起來是不是真的很恐怖？,hate_politics
tvbs台北市長民調，綠營洗洗睡,hate_politics
賴總統：留「中華民國」助團結 鄭麗文：,hate_politics
怎麼青鳥一直帶風向說大家在欺負賴兒？,hate_politics
高雄的演唱會文化能延續嗎？,hate_politics
脆上面夢境文,hate_politics
游淑慧 鍾小平 這兩個人還不開除黨籍嗎？,hate_politics
最近高嘉瑜存在感這麼高是不是要參選台北,hate_politics
快訊／沈伯洋陪女兒突遭嗆「被通緝活該,hate_politics
賴瑞隆如果沒這樁會是他出來選嗎？,hate_politics
藍白何時要公佈賴清德全家,hate_politics
笑死人！詐團直接攻入馬防部,hate_politics
兒涉霸凌是否參選到底？賴瑞隆：持續在政,hate_politics
四叉貓跟高雄小賴是好友 藍白發抖了,hate_politics
台獨金孫賴清德宣布中華民國才能團結台灣,hate_politics
蔣萬安改名怎麼沒改徹底？,hate_politics
"賴瑞隆穩了,高雄市長應該沒問題了",hate_politics
民進黨政府不獨，國民黨卻要刪反共黨章?,hate_politics
錢都敢放自己口袋了，他會怕選民政治責任,hate_politics
傳國民黨要刪「反共」黨章？柯志恩抿嘴：茲事體大！這部分可,hate_politics
12/8了，政黑484該關心下前版主去向？？,hate_politics
板橋氣爆、藍白直接一句那高雄氣爆,hate_politics
館長身高180cm，開戰戰力很強吧？,hate_politics
中日關係緊張不影響　壽司郎上海開2店！,hate_politics
為什麼媽媽貪污，小孩選議員？,hate_politics
賴證實了 高雄孩子一個比一個可怕？,hate_politics
賴瑞隆子女涉霸凌　柯志恩喊「翻篇了」,hate_politics
快訊／台中北屯傳巨響！29歲男「離家上,hate_politics
小孩本人是不是很衰小？,hate_politics
陳佩琪peggyfb 今天講騙票搜索第二部,hate_politics
台中20歲女13樓墜中庭！送醫搶救不治,hate_politics
脆風向大轉彎 女童才是真正霸凌者,hate_politics
蔡英文：光電政策需邁向2.0再進化 　不能,hate_politics
藍白要修法把助理費匯到立委名下?,hate_politics
沈伯洋跟女兒遭遇突襲 他po出照片證實,hate_politics
8歲小孩要人死是甚麼原生家庭？,hate_politics
800頁起訴書還不夠？陳佩琪爆檢方狂丟3…,hate_politics
蔡英文復出搭檔陳其邁選2028的可能？,hate_politics
b前版主實錘是藍白粉了吧,hate_politics
國民黨今天 會告自由時報嗎,hate_politics
賴瑞榮和黃士修長好像,hate_politics
黃智賢：護航助理費除罪適合下地獄,hate_politics
影》追不上物價 薪資倒退17年,hate_politics
賴瑞榮兒子校園事件整理,hate_politics
「台灣變牆國」禁小紅書自肥選舉?館長揚言,hate_politics
龍介仙對賴瑞隆發表評論了嗎？,hate_politics
扁挺妃：用輪、用排的 該到妳,hate_politics
小紅書遭封 高嘉瑜曝民眾「最痛恨1事」：,hate_politics
gdp達8%，你各位薪資成長幾趴?,hate_politics
越南屠夫的2020跟閩南台派的精神狀態有,hate_politics
林俊憲活成妙妙姐的樣子,hate_politics
"""藍白部分綠"" vs ""賴清德""，誰贏？",hate_politics
助理的薪資?,hate_politics
今天脆怎一堆他只是八歲小孩文？,hate_politics
民進黨會修霸凌法嗎？,hate_politics
脆熱議：全班逼賴兒脫褲子 他才失控動手,hate_politics
柯文哲嗆陳佩琪：又沒叫妳一定要做飯,hate_politics
八卦熱議:下任高雄市長就是柯志恩了,hate_politics
青鳥拿蔣孝文殺人來救援？？？,hate_politics
板橋氣爆 是為了壓8歲小孩新聞嗎,hate_politics
這恐怕是青鳥希望台灣變成的樣子？,hate_politics
藍白為什麼沒叫林姿妙、高虹敢退選,hate_politics
藍白：中國產品稅率由金門人自己決定！,hate_politics
館長否認切割「只是唸對方2句」　曝黃,hate_politics
直擊／aaa音樂節票房淒涼！3樓全空畫面,hate_politics
我和深綠學妹討論一下午 賴瑞隆因該沒救,hate_politics
脆熱議：小孩是被全班霸凌,hate_politics
美國2025年國家安全戰略,hate_politics
現在就是流行選女性當市長,hate_politics
賴瑞隆開那種破爛記者會要幹嘛？,hate_politics
應曉薇女兒控禁小紅書「如極權國家」大,hate_politics
邱議瑩原本5趴，結果現在要出線了,hate_politics
中華民國是二戰戰勝國欸,hate_politics
隆兒也算是捨身救父了吧,hate_politics
林岱樺＋賴瑞隆，選正副市長有搞頭嗎？,hate_politics
是不是輪到黃國昌跳舞給大家看了?,hate_politics
認真問~賴瑞隆還有辦法安全下莊嗎?,hate_politics
被射控雷達鎖定，可以反擊嗎？,hate_politics
暴力，誰都可以挺身而出,hate_politics
賴夫人這顆未爆彈拆了嗎？,hate_politics
民進黨南部土霸王，瘋狂霸凌性騷再和解,hate_politics
中共煽動反日受挫 壽司郎上海開店盛況空,hate_politics
賴瑞隆為8歲兒落淚道歉！徐巧芯猛酸「,hate_politics
自由的鄭習會獨家,hate_politics
黑熊帶女兒散步被騷擾,hate_politics
板橋半夜氣爆 誰該負責？,hate_politics
青鳥是不是反中反到走火入魔了？,hate_politics
陳玉珍提助理費修法 國民黨內釀「茶壺風,hate_politics
小金剛穩了吧?,hate_politics
賴瑞隆是不是出局了？,hate_politics
賴為啥沒跟b板主道歉？,hate_politics
如果政黑最好板主有教好，今天會這樣嗎,hate_politics
顏寬恒疑半年前請託修法 助理費除罪化,hate_politics
中國駐日大使說自衛隊滋擾訓練,hate_politics
青鳥為何三句不離中國？,hate_politics
所以說為什麼10月不道歉呢?,hate_politics
賴兒霸凌事件受傷最重的是政黑傻b版主嗎?,hate_politics
該支持關掉ptt了吧，一堆亂源…,hate_politics
我深綠朋友因為禁小紅書而支持和平統一了,hate_politics
賴總統普發一萬讓中國老百姓破防,hate_politics
隆哥要做啥才能解套？,hate_politics
為什麼張善政一直被稱作新店市長,hate_politics
中法保鏢在馬克宏後面開戰xd,hate_politics
蔣經國放任蔣孝文在台灣殺人??比霸凌嚴重,hate_politics
賴怎麼證明女孩媽媽是真的啊？,hate_politics
民進黨帶大家回到80年代 豪不豪!,hate_politics
未成年校園霸凌 婦女票跟教師票守得住?,hate_politics
前板主算是倒在黎明前嗎？,hate_politics
兒涉霸凌賴瑞隆當面道歉！女童媽：只想,hate_politics
黃國昌會怎麼看賴兒霸凌案和解？,hate_politics
從反滲透到中天條款 看立院消失的委員會,hate_politics
說真的！我對前政黑版主非常失望,hate_politics
對方是有力人士，很難不原諒吧,hate_politics
被霸凌者的母親真的非常勇敢,hate_politics
鐘東錦、顏寬恆要不要辭去現任職務,hate_politics
青鳥的末日到了,hate_politics
藍白全是聖人吧,hate_politics
遲來的道歉 賴瑞隆還有戲嗎,hate_politics
脆上民進黨反串的網軍,hate_politics
社宅變「水濂洞」？　建物驚見大量冰柱.,hate_politics
車諾比防護罩 喪失安全功能,hate_politics
挖 larry long 要當市長了嗎,hate_politics
最大輸家是不是某b,hate_politics
藍白粉諷台灣民主是笑話 中國人神回「1,hate_politics
鏡報獨家／居住正義變「居住正億」 黃國,hate_politics
館長：我會跟柯文哲 黃國昌 鄭麗文商量,hate_politics
職場霸凌vs國家安全，哪個重要？,hate_politics
小青鳥還沒工作的以後怎麼辦？,hate_politics
羅福助跟顏清標的兒子？,hate_politics
“美國將調整與中國的經濟關係”,hate_politics
忘記以前威權東禁西禁的後果？,hate_politics
賴瑞隆為兒霸凌案二度召開記者會 女童母,hate_politics
不談政治的小紅書為何如此礙眼?,hate_politics
賴瑞隆 老婆在幹麻,hate_politics
賴瑞隆 是陳菊人馬吧?,hate_politics
藍白總是用聖人的標準要求別人吧,hate_politics
綠粉是不是覺得高雄人就該被民進黨打？,hate_politics
日本外務省召見中國大使抗議,hate_politics
藍白真的支持助理費直接匯給立委喔？xdd,hate_politics
被翁達瑞王浩宇挺.賴等於宣告死刑了吧,hate_politics
支持戒嚴+大罷免+霸凌 民進黨惦惦?,hate_politics
有人看到道歉記者會也流淚嗎？,hate_politics
賴瑞隆向女童家屬道歉的含水量有多高?,hate_politics
為啥反綠會被說挺共啊？,hate_politics
處理方式的傷害比小孩打人還大,hate_politics
老爸黑道可以參選， 但8歲不行,hate_politics
沒事了! 穩了!!,hate_politics
賴還是有當市長的能力吧,hate_politics
青鳥們應該力挺賴兒,hate_politics
藍白每次都站錯隊 傻眼,hate_politics
四叉貓能讓賴哭更大力嗎,hate_politics
阿苗談現代戰爭的意思是？,hate_politics
你反綠是你的自由你為了反綠挺共其實你不,hate_politics
說真的我被賴瑞隆道歉感動到了,hate_politics
藍白可以用8歲兒炒那麼大，厲害,hate_politics
為什麼有風向是藍白攻擊？,hate_politics
青鳥信奉極右法西斯 弱肉強食打人又咋了?,hate_politics
2028陳其邁會取代賴清德選總統嗎？,hate_politics
賴瑞隆今天哭得跟8歲小兒一樣喔？,hate_politics
沒雞雞的阿苗 能當兵嗎???,hate_politics
要求爸媽為小孩做錯事道歉 叫政治操作？,hate_politics
習近平是不是人也不錯,hate_politics
快訊／賴瑞隆與受害女童家長當面道歉取,hate_politics
瑞隆兒子故事可以拍台版熱血高校？,hate_politics
“連小孩都管不好 boo三小政治？”,hate_politics
是不是該發起全党挺瑞龍？,hate_politics
整起霸凌案是不是怪怪的？,hate_politics
藍白：賴兒霸凌絕對是政治案,hate_politics
感受到賴道歉的誠意，民進黨再加分！,hate_politics
高雄瑞隆路改什麼路比較好,hate_politics
賴8歲兒子觸犯什麼罪？,hate_politics
獨家》「鄭習會」農曆年前後登場 北京,hate_politics
小孩打人不是應該用熱熔膠打下去嗎,hate_politics
賴瑞隆記者會把小孩當擋箭牌說,hate_politics
賴兒沒出息 關賴清德甚麼事?,hate_politics
邱議瑩正在想什麼？,hate_politics
"藍白:開放中國勞工來金門,金門人自己決定",hate_politics
說實話 大陸比我們台灣地區還自由,hate_politics
其實賴瑞隆退選對小孩最好的選擇,hate_politics
脆感嘆：民眾對民進黨太嚴格 從20分開始,hate_politics
聯合報：藍營還要修總統連署賄選、黨產,hate_politics
請大家多多支持館長便當,hate_politics
為什麼綠營這麼討厭麥克傑克森？,hate_politics
賴選上市長後，女童一家應該要搬家了吧？,hate_politics
事實証明民進黨就是台灣毒瘤,hate_politics
藍白這麼愛修法,hate_politics
女同學家長根本就是藍白支持者吧,hate_politics
賴瑞隆家人捲霸凌！王浩宇喊「不實指控」,hate_politics
藍白乾脆修法，藍白貪污、犯法無罪,hate_politics
好懷念沒有民進黨的日子,hate_politics
如果aaa辦在桃園會發生什麼事？,hate_politics
遭控帶頭肉搜黃國昌親人「吳崢幫開脫」,hate_politics
媒體不敢繼續爆黃國昌買網軍還有凱斯案了,hate_politics
大家484不知道現在要幹嘛?,hate_politics
小賴還選得上前鎮小港立委嗎？,hate_politics
高雄狼人殺 誰才是真狼王?,hate_politics
八歲小孩的行徑有那麼重要嗎？,hate_politics
如果賴沒要選，小惡霸會繼續霸凌下去？,hate_politics
整個互聯網上，各種語言的占比和權重是多,hate_politics
藍提助理費修法非自願？傳「李乾龍請託」掀茶壺風暴,hate_politics
賴瑞隆為什麼不帶兒子去評估鑑定一下?,hate_politics
賴心不死看來是選到底了,hate_politics
都道歉了，讓學校好好解決吧,hate_politics
柯志恩等的那一個人最後會是誰？,hate_politics
黃智賢怒嗆：護航助理費除罪的下地獄,hate_politics
霸凌合理化有比較婉轉的說法嗎？,hate_politics
政治人物另一半484都一個人扛家庭,hate_politics
民進黨要選贏桃園，首提政見取消垃圾袋,hate_politics
《我想說的話》,hate_politics
黃捷就是a級英雄第一位-甜心假面,hate_politics
賴瑞隆愧疚的是沒讓受害者家屬閉嘴吧,hate_politics
賴清德稱不改「中華民國」國號有助團結,hate_politics
小孩都轉學了是不是對起責任了,hate_politics
gdp飆破8%卻「只有科技業在爽」？台灣傳,hate_politics
喊對不起兒子賴瑞隆道歉「哭了」！網狂,hate_politics
青鳥都沒遊行是為何,hate_politics
賴兒覇淩，根本高雄整個有問題吧,hate_politics
由衷感謝高市早苗,hate_politics
高市希望中國不再鎖定自衛隊戰機,hate_politics
藍白是不是最怕賴瑞隆？,hate_politics
賴瑞隆小孩未來的發展,hate_politics
綠畜癩皮狗會想到當年違建哭得很大聲嗎,hate_politics
養不教 父之過 爸爸選舉沒有空?,hate_politics
藍白：中國投資金門，由金門人決定！,hate_politics
韓國入境卡竟標註「中國台灣」外交部最新,hate_politics
霸凌算踩到公眾的 最軟的一塊 ???,hate_politics
柯志恩可以幫賴瑞隆8歲兒子輔導耶,hate_politics
賴瑞隆堅持不跟女童道歉 搞這麼硬幹嘛?,hate_politics
邱議瑩現在在想什麼,hate_politics
賴瑞隆記者會超級加分,hate_politics
初選個屁 就直接百大鎖匠上場了,hate_politics
我不懂綠營支持者一直扯藍白幹嘛,hate_politics
反正高雄人還是會含淚投 討論那麼多幹嘛,hate_politics
現實高雄人 都不在意賴瑞隆兒子怎樣,hate_politics
賴家父子互相道歉 事情圓滿結束就到這,hate_politics
賴瑞隆朝亞斯伯格處理或乾脆領手冊可以嗎,hate_politics
看完記者會我很感動,hate_politics
快新聞／誰才是王鴻薇？網翻出她去年力挺,hate_politics
民進黨是怎麼產生人才荒的,hate_politics
瑞隆妻早點道歉不就沒事了,hate_politics
電子入境卡被標註「china（taiwan）」,hate_politics
獨／賴瑞隆兒涉霸凌　受害女同學家長曝賴,hate_politics
民進黨應禮讓高雄市長給民眾黨,hate_politics
高雄市長這一役民進黨已經沒有選擇了,hate_politics
賴瑞隆道歉的對象應該是受害小朋友,hate_politics
賴挺賴的話明年綠畜縣市長穩了吧,hate_politics
這次事件算不算一種坑爹?,hate_politics
以前很會危機處理的民進黨 去哪了?,hate_politics
新竹有一個小智，高雄有四個小智,hate_politics
今天記者會有林智堅槓台大那次既視感,hate_politics
政黑：賴瑞隆最能延續陳其邁施政,hate_politics
賴瑞隆的本錢有這麼粗嗎,hate_politics
跟家人出門只能看政黑會支持揍小孩嗎,hate_politics
日本政治人物〝野野村竜太郎〞,hate_politics
民進黨在高雄的板凳深度超級恐怖!!!!,hate_politics
有機會再看到全黨挺一人嗎?,hate_politics
賴瑞隆 1430出面說明 2.0,hate_politics
高雄又老又窮十幾年 該換國民黨做了吧？,hate_politics
從民調5%變最有可能出線，邱議瑩在想什,hate_politics
美國阿館塌了嗎？,hate_politics
賴瑞隆在哭三小，女同學爸媽才該哭吧？,hate_politics
黃國昌和民眾黨對助理費的態度？,hate_politics
548088今天的表現要給幾分？,hate_politics
不退選會讓八歲兒子繼續被放大檢視,hate_politics
賴瑞隆哭是因為覺得自己牽連到兒子xd,hate_politics
賴瑞隆你也太離譜了吧...,hate_politics
賴瑞隆這記者會是加分還是扣分？,hate_politics
這記者會 是不是可以直接宣布淘汰了?,hate_politics
大敵當前 民進黨還在內鬥？,hate_politics
賴瑞隆哭成這樣 政黑還說燒不起來☺☺☺,hate_politics
為什麼高雄人吃賴這一套？,hate_politics
賴瑞隆是打算硬幹 把政治生涯搞掉?,hate_politics
高雄民進黨人有暴力狂跟色情狂？,hate_politics
黃智賢世界fb 立委成為妖魔,hate_politics
1430下午茶,hate_politics
賴瑞隆兩點半會對berotec提告嗎？,hate_politics
出大事了!! 陳水扁力挺陳亭妃選台南市長,hate_politics
賴瑞隆之子是藍白未來之星嗎？,hate_politics
賴瑞隆先想想自己立委能不能保住吧？,hate_politics
中國說日本妨害在東海的軍演,hate_politics
賴瑞隆會不會沒想過 兒子80那麼嚴重?,hate_politics
應曉薇女兒參選能擠掉鍾小平嗎,hate_politics
如果黃捷真的選贏藍白會氣瘋嗎？,hate_politics
賴瑞隆兒子霸凌處理得好其實對選情加分,hate_politics
助理領多少由立委決定，哪裡錯了？,hate_politics
小泉說希望與澳洲加強合作應對中國,hate_politics
賴瑞隆民進黨高雄市長初選內鬥成功！,hate_politics
陳佩琪peggyfb 他還嗆我沒叫妳一定要做飯,hate_politics
賴瑞隆子女涉校園霸凌！ptt深綠版主喊「,hate_politics
賴瑞隆八歲時有乖嗎？,hate_politics
高雄現在到底在為誰鋪路？,hate_politics
賴下午會說打人的屁孩只是他的親戚吧？,hate_politics
綠粉認同民進黨留著中華民國嗎?,hate_politics
台南初選廝殺！郭國文妻掀「陳亭妃助理父,hate_politics
柴壽山「探勘達人」失聯18天！ 邱議瑩急,hate_politics
高雄市長影子初選人選!,hate_politics
臺灣最大的政治笑話,hate_politics
不改國號不是因為怕被揍嗎？,hate_politics
助理費除罪後，立委薪水高於總統,hate_politics
陳玉珍根本台灣iu,hate_politics
連阿苗都知道大家討厭民進黨啊,hate_politics
能簡短說明賴瑞隆事件嗎？,hate_politics
新潮流會挺最後的希望許智傑嗎？,hate_politics
賴瑞隆下午2時30分重大說明,hate_politics
一年多之前 誰在討論賴瑞隆選高雄市長??,hate_politics
為什麼政黑最看好的人選 應對能力那麼差,hate_politics
如果不是明年要選舉 老賴會有事嗎,hate_politics
邱議瑩現在在想甚麼?,hate_politics
直接徵召 管碧玲啦 鎮住這些邪魔歪道,hate_politics
8歲的時候,hate_politics
民進黨詮釋因小失大成語,hate_politics
如果打的是陸配的小孩，應該就沒事了吧,hate_politics
服兵役相關的提點子，歡迎大家踴躍附議,hate_politics
同黨也很痛恨怪獸家長跟校園霸凌吧,hate_politics
高雄派誰都沒差吧,hate_politics
獨家》工作尊嚴蕩然無存！傅崐萁稱助理,hate_politics
中國「刻意放緩」稀土出口日本  日媒：,hate_politics
阿扁的能力是不是屌打賴校長,hate_politics
大家死後會捐出遺產嗎？,hate_politics
賴瑞隆記者會根本挖洞給自己跳，退定了,hate_politics
會不會空降潘孟安？？,hate_politics
目前對賴瑞隆的仔幹惡噁事都沒袒護得很好,hate_politics
市長與孩子，誰比較重要？,hate_politics
哪些地方會成為綠色恐怖不義遺址,hate_politics
驚傳退選？受孩子校園事件影響　賴瑞隆下,hate_politics
論賴瑞隆應選到底,hate_politics
潘孟安還是黃捷？,hate_politics
這次黨媒沒有幫賴洗白是不是怪怪的,hate_politics
政黑怎麼一夕反轉,hate_politics
為什麼藍白得逞了？,hate_politics
其實板標事件只是一貫套路不小心踢鐵板,hate_politics
劉世芳：小紅書是小偷,hate_politics
賴瑞隆怎麼從政壇竄起的？,hate_politics
直接破題：為何賴清德又不喊台獨了？,hate_politics
翁達瑞挺賴瑞隆「兒子只是比較皮」自爆,hate_politics
中華電信與雲豹子公司天能綠電　啟動46,hate_politics
俄國準備冬季攻勢，東亞也快點打一打,hate_politics
有人跟我一樣支持黃捷選市長的嗎,hate_politics
被罵侵犯隱私、找麻煩 不退卻／警3度阻詐,hate_politics
國民黨推貪污除罪化！！！,hate_politics
黃國昌根本台灣的朴寶劍,hate_politics
板主說一眾版友支持他…剩我勸他了,hate_politics
楊瓊瓔目標是什麼？？,hate_politics
賴瑞隆兒被爆還打過某集團孫子　受害家,hate_politics
狂打8歲兒童，政治氣氛開始反轉了？！,hate_politics
原來禁網是為了加速統一？！,hate_politics
berotec是不是被警總抓走了？,hate_politics
抖音一響父母白養是不是假議題？,hate_politics
賴是不是穩了,hate_politics
賴瑞隆事件正式定義為類打人類霸凌！,hate_politics
"藍白說的台灣景氣差,我真的信了",hate_politics
黃捷下禮拜會表態參選嗎？,hate_politics
小紅書被禁有點太超過,hate_politics
現在是要怎樣的人才能從政呀?,hate_politics
"靠北, 張嘉郡的學歷這麼頂???",hate_politics
larry隆不退才是最佳算計,hate_politics
"最近信徒是不是發現,根本不是支持藍白",hate_politics
慟！tinder telegram 都沒有設代表人,hate_politics
高嘉瑜帶國中生一起唱王世堅沒出息(影),hate_politics
如果版主沒事，可以懷疑自導自演吧？,hate_politics
台南溪北是不是獨立成新營縣比較好啊,hate_politics
捅陳亭妃都是自己人了？,hate_politics
脆熱議：賴清德三十年捐了一億,hate_politics
8卦在洗前板主berotec是青鳥了,hate_politics
高雄檢調動起來了嗎？,hate_politics
謝龍介兒子 vs 柯建銘兒子,hate_politics
打人沒什麼不對吧？,hate_politics
板友berotec怎麼不出來一下？,hate_politics
賴氏霸凌案會燒多久啊,hate_politics
鶄洗謝龍介兒只會讓人跟知道爛龜惡霸嘴臉,hate_politics
全國性校園霸凌是誰的鍋？,hate_politics
賴瑞隆子女打同學　她翻謝龍介兒吸毒舊,hate_politics
日本防衛省:遼寧艦的殲-15鎖定日本f-15,hate_politics
賴瑞隆對被霸凌者和父母道歉真的那麼難？,hate_politics
藍白提案：助理費44萬統一匯入委員帳戶,hate_politics
b前版主把賴兒變成受害者,hate_politics
這次高雄跟台南非常重要,hate_politics
鳥事一籮筐，吱吱心裡苦,hate_politics
ptt板主改板標「賴瑞隆子應就地正法」,hate_politics
謝龍介兒子吸毒拒補,hate_politics
讓深綠板主破防 誰是本日政黑最佳男主角,hate_politics
揭秘：美國如何鎖定中墨毒網的神經中樞,hate_politics
簡立峰：ai浪潮下台灣不能選邊站,hate_politics
台中學校霸凌事件,hate_politics
賴清德說不改國號是為了團結,hate_politics
上一個登上新聞的政黑板主是kero嗎？,hate_politics
"上有所好,下必甚焉",hate_politics
兒子性騷道歉的原因不是知道錯對吧,hate_politics
鳥：就算兒殺人，父還是可以選啊,hate_politics
會放縱小孩長期在校園霸凌的家長都什麼人,hate_politics
其實隆哥他兒子也蠻屌的..,hate_politics
國民黨槍殺小紅書使用者,hate_politics
高金泰雅族這樣說閩南真該學習,hate_politics
日防長小小泉半夜開記者會向中國強烈抗,hate_politics
是否應該修法8歲以下霸凌除罪化？,hate_politics
8歲就霸凌+性騷，是因受民進黨正統教育?,hate_politics
脆將是壓垮民進黨的最後一根稻草,hate_politics
苗：中國入侵，台灣都會正常運作,hate_politics
脆到底怎麼使用？,hate_politics
機器人大軍打來能撐多久？,hate_politics
中華電信將採購46億度綠電 創中華電信最,hate_politics
賴瑞隆也才被說個兩天 這樣就破防？,hate_politics
賴瑞隆小孩的事情是公眾事務,hate_politics
謝龍介兒吸毒，柯志恩兒美國人？,hate_politics
楊斯棓醫師的咀嚼肌fb美國:台灣是核心利益,hate_politics
賴瑞隆值得一個高雄市長,hate_politics
他只是個8歲的孩子啊,hate_politics
民進黨是不是小紅書推廣大使？,hate_politics
fb 也應該要封一封！,hate_politics
小紅書app還能正常使用？,hate_politics
"政黑前 b 版主被解職,會出國散心嗎?",hate_politics
berotec直接被政黑板友光速切割?,hate_politics
新北民生地下道廠商8月落跑市府11月才發,hate_politics
綠共板主翻車是不是因爲國學造詣太差？,hate_politics
綠畜怎麼評價台南人斧頭砍女警,hate_politics
為什麼藍白小草不支持藍白通過的法案?,hate_politics
台派最大的恥辱是被切割成藍白雜草,hate_politics
賴瑞隆只是個8歲小孩，那還選什麼市長！,hate_politics
俄對華免簽首日 福建小伙在莫斯科被俄警,hate_politics
到底哪個青鳥說b大是小草反串的???,hate_politics
澳洲禁16歲以下使用社群媒體 tiktok將遵,hate_politics
藍白的道德標準怎麼又附體了？,hate_politics
"香港的炸雞翅膀,有很好吃嗎?",hate_politics
藍白五萬內貪污除罪化罪證在此！,hate_politics
賴為何漠視8歲女童被連續暴打太陽穴,hate_politics
青鳥為什麼多是精障智障,hate_politics
日防相：與那國島擺飛彈3年前制定 北京當,hate_politics
整黨赤化？前國民黨副主席赴中國喊：統一,hate_politics
支持林岱樺東山再起可以嗎,hate_politics
沒了美國 日本即將四面楚歌,hate_politics
柯文哲你還敢講募款喔！！！,hate_politics
小紅書找不到聯絡人就禁 484黑道行為?,hate_politics
為什麼八卦版喜歡小紅書,hate_politics
中共對館長任務 是成立有市場的統促黨吧,hate_politics
高雄市教育局今天有加班,hate_politics
被攻陷只是暫時的而已,hate_politics
「就地正法 」青鳥能怎麼凹？？,hate_politics
河蟹好吃嗎?,hate_politics
b前板主被當成小草也算做功德吧？,hate_politics
中共飛彈可以射到高市首相的桌上？,hate_politics
犯法就是錯，藍白朋友可能不懂,hate_politics
為什麼鳥鳥互打敢做不敢當,hate_politics
性騷女姓從小開始培養嗎,hate_politics
小草可以反串 不容許別人反串,hate_politics
到現在賴瑞隆還沒有被放棄退選的原因是？,hate_politics
中國老兵又双叒被現役軍人抄家了,hate_politics
鄭麗文腦袋壞掉對吧,hate_politics
兒涉霸凌 賴瑞隆被踢爆專攻女立委？,hate_politics
dpp這次初選,hate_politics
好好笑，打一天電動上來版主不見了,hate_politics
聽說政黑出大事 人還好嗎,hate_politics
賴瑞會成為新全黨護一人嗎,hate_politics
爆住都中心年增35人「月領21萬」　許宇,hate_politics
青鳥觀察日記,hate_politics
八卦板人數越來越少了，只剩5934人次？,hate_politics
反串什麼！好好表達自己都不敢啊？,hate_politics
為什麼這次這麼久還沒抓到人？,hate_politics
蔣萬安批：我們還是不用翻牆的民主嗎？,hate_politics
中國補助統戰小吃藍白申請了嗎？,hate_politics
政黑被關版的話怎麼辦？,hate_politics
為什麼政治豚能這麼瘋啊,hate_politics
賴瑞隆不滾蛋，下週就是陰謀論全餐招待,hate_politics
前版主兩肋插刀，政黑鳥卻無情切割！！,hate_politics
小紅書高層前途似錦了吧,hate_politics
沈伯洋/賴瑞隆 哪案的兇手會先被抓,hate_politics
啊 他就真的只是個孩子,hate_politics
青鳥板主為啥要賴瑞隆就地正法阿??,hate_politics
"韓團在aaa說""beautiful country""被對岸發現",hate_politics
賴瑞隆兒涉校園霸凌 ptt深綠版主擅改版,hate_politics
可以用核能酸智障青鳥多久？,hate_politics
要多久才會抓人？,hate_politics
封小紅書這操作很好笑吧,hate_politics
青鳥出事就被打成藍白xdd,hate_politics
綠粉板主以為自己綠的，黨就會放過,hate_politics
勝選的氣氛,hate_politics
我是覺得政黑先拿 反串仔 開刀實在,hate_politics
深綠長輩看到新聞大罵政黑版,hate_politics
反串遠比詐騙可惡吧？何時修法重刑,hate_politics
kkc怎麼又消失了,hate_politics
政黑下一個版標要啥,hate_politics
小草版主被就地正法 開心嗎,hate_politics
berotec至今不敢出面說句話嗎？,hate_politics
“就地正法”是什麼很污穢不堪的詞嗎？,hate_politics
日本夜爬習俗是不是很符合青鳥胃口,hate_politics
8歲小孩都管不好了.還想管城市？,hate_politics
berotec該不會是公關帳號吧,hate_politics
還是旺中的標題清晰！,hate_politics
berotec會被羈押嗎,hate_politics
幹！ 我的賭注不會爛尾了吧？,hate_politics
我講賴瑞隆講一年了 藍粉都不信 = =,hate_politics
捅賴瑞隆的會不會是自己人？,hate_politics
台灣版，澤倫斯基,hate_politics
蕭美琴臉書針對員警遭撞事件發文了,hate_politics
食糞：柯志恩應該聲援賴瑞隆？,hate_politics
問題就是賴瑞隆連8歲小孩都教不好啊,hate_politics
小紅書超越threads跑到app store第一???,hate_politics
政黑的問題在於想裝理性,hate_politics
政黑前板主反串出事 你我都推了一把,hate_politics
看到前 b 版主這樣真是不勝唏噓,hate_politics
反串綠不一定是藍白喔 不是這樣子,hate_politics
追根究底就是 該抵制反串陋習,hate_politics
政黑是好事不出門壞事傳千里嗎？,hate_politics
青鳥跟四人幫哪個強？,hate_politics
be版主最近還會來政黑嗎,hate_politics
余有一計可免被中分龜頭他們政客的仔霸凌,hate_politics
政黑如果真的關版了要撤退到哪裡？,hate_politics
這次禁小紅書是幫忙打廣告了？,hate_politics
berotec現在去警局自首會減刑嗎?,hate_politics
不反串，很多時候真的覺得政黑離現實很,hate_politics
berotec明明超綠為何還會被當藍白仔？,hate_politics
藍白網軍適可而止,hate_politics
等一下會看到b前版主上新聞嗎,hate_politics
政黑怎麼突然上新聞了?,hate_politics
berotec會羈押多久？,hate_politics
b前版主晚餐要吃滷味還是鹹酥雞啊,hate_politics
賴瑞隆落馬，誰受益最大？,hate_politics
天子無私事的風氣是誰帶起來的,hate_politics
轟蕭美琴「輔選」害員警重傷　洪孟楷：,hate_politics
快新聞／反串出事？ptt政黑板主對綠委兒,hate_politics
蔣萬安為詐騙打掩護,hate_politics
青鳥跟小粉紅一樣贏麻了！,hate_politics
前版主 zeuswell 很像也是反串吧（？,hate_politics
我笑死，這裡真的是聖地,hate_politics
政黑前板主嶺東仔力挺賴兒爆揍女森,hate_politics
白藍網軍翻車=青鳥反串,hate_politics
朱真楷快評》民主翻車黨的高光時刻,hate_politics
柯文哲直播承認不雅影片就是舒淇,hate_politics
一個男人以身入局，成功喚醒藍白良知,hate_politics
前b版主是小草？？,hate_politics
請問我該回歸了嗎,hate_politics
初選真的比正式選舉還狠,hate_politics
西班牙調查非洲豬瘟為實驗室外洩可能性,hate_politics
脆：謝龍介兒子持k毒駕,hate_politics
8歲小孩打一頓就乖了吧,hate_politics
累了嗎？看張美女圖吧,hate_politics
你們有沒有聽過一個詞叫「批皮黑」？,hate_politics
韓國瑜怎麼有辦法脾氣那麼好？,hate_politics
黃國昌會怎麼評論政黑板標事件？,hate_politics
論中分龜頭政府不可能禁臉書,hate_politics
ptt板主對賴瑞隆兒發表「涉違法言論」,hate_politics
改版標有沒有可能是護主行為?,hate_politics
只有我現在才知道賴瑞隆是誰嗎,hate_politics
政黑是不是應該要關版啊,hate_politics
小草改圖被羈押禁見..青鳥煽動殺小孩..?,hate_politics
很佩服綠粉板主，真心,hate_politics
berotec被青鳥說是小草 太傷心了吧xdddd,hate_politics
"政黑版沒有錯,錯在版上太多下幹弱智鶄障",hate_politics
為何立委家人被恐嚇 警察都破不了案?,hate_politics
蠻好奇berotec現實年齡 應該不會是中年大,hate_politics
馬老師 發生什麼事了,hate_politics
李有宜志工 - 跳黨黑,hate_politics
全政黑是不是都在等一個人,hate_politics
狂賀!! 大罷免終於破蛋了!  32:1,hate_politics
郭正亮預言下週賴瑞隆可能會有更多料,hate_politics
bero前板主是小草的可能性有幾%？,hate_politics
青鳥都這麼暴力嗎?,hate_politics
青鳥腦袋都是偏激思想 是不是該下去,hate_politics
賴粉berotec被排泄囉？,hate_politics
berotec是kkc等高雄長庚分身集團的可能性?,hate_politics
板標事件是中共的陰謀！？,hate_politics
選出這種版主的地方 是不是該關板？,hate_politics
板標會讓政黑版主被警察請去喝茶嗎？,hate_politics
日本、台灣、中國：當劣幣驅逐良幣的時,hate_politics
改版標的心路歷程是什麼？,hate_politics
======停止刺激青鳥開始線=======,hate_politics
32：0到底讓多少青鳥瘋了,hate_politics
拿黨證是不是很不錯？,hate_politics
三民自會用什麼標題？,hate_politics
鳥兒這次要怎麼幫板主護航,hate_politics
年花80萬讓小孩讀書 被打不處理能忍嗎？,hate_politics
立委小孩可以原來這麼兇喔,hate_politics
幹小紅書還是能上啊,hate_politics
脫褲子 廁所堵女同學，8歲賴童民進黨明,hate_politics
藍白版主太惡心了,hate_politics
賴瑞隆事件為什麼會逼瘋青鳥啊？,hate_politics
藍白女神林姿妙:3250萬是每次借150萬來,hate_politics
賴兒會是學誰的啊,hate_politics
我沒跟到早上的政黑板大場面...,hate_politics
賴瑞隆小孩霸凌事件 很傷婦女票吧?,hate_politics
藍白小草現在知道他也只是孩子了喔,hate_politics
大家不覺得藍白追殺一個八歲學生很可恥嗎,hate_politics
高雄市長初選是不是很像大逃殺?,hate_politics
狼性要從小培養嗎？,hate_politics
小鴨霸的爸爸生氣了,hate_politics
都是打人，為什麼雜草不檢討中共,hate_politics
我爸就立法委員啊！不然你想怎樣？,hate_politics
不只涉霸凌…子女當眾脫褲被通報性平,hate_politics
賴清德要支持許智傑嗎,hate_politics
台北發生校園霸凌，女童遭霸凌後癲癇發作,hate_politics
板主要把小孩就地正法？,hate_politics
其實關鍵問題還是出在陳水扁吧,hate_politics
賴桑的反應不像是立委水準,hate_politics
批柯文哲玩把戲才進土城！鍾小平邀功：國民黨要頒獎狀給我,hate_politics
小紅書被禁怎麼冒出一堆政治冷感的人？,hate_politics
不應該一直針對小孩,hate_politics
古有石碏殺子大義滅親 今有阿隆寵豬舉灶,hate_politics
賴瑞隆為什麼連一通道歉電話都不肯打？,hate_politics
海鯤號6部主機只有4部能運轉！？,hate_politics
為什麼藍白要攻擊政敵未成年小孩？,hate_politics
青鳥小時候都玩這麼大唷 是我大驚小怪嗎,hate_politics
賴瑞隆已經80過柯志恩了,hate_politics
打太陽穴怎麼了嗎？,hate_politics
難怪青鳥整天喊吊路燈,hate_politics
一群大人霸凌八歲小孩,hate_politics
現在綠共小咖子女都可以隨意欺負人了,hate_politics
賴瑞隆兒子之前因為霸凌才轉學,hate_politics
家屬是詐騙集團也要退選,hate_politics
民眾黨擬成立「黃國昌新北市長後援會」,hate_politics
政黑被藍白網軍攻下了？,hate_politics
青鳥在脆瘋狂攻擊阿信,hate_politics
暴力青鳥家長養出青鳥小孩是不是很可怕,hate_politics
現在還能說賴瑞隆是黨內內鬥嗎？,hate_politics
高雄市長寶座到底有多香？,hate_politics
8歲說要打屎你,hate_politics
執行蔡英文勤務員警被撞,hate_politics